stock_code,stock_name,stock_full_name,category,is_shariah
03041,1TECH,ONETECH SOLUTIONS HOLDINGS BERHAD,TECHNOLOGY,False
0012,3A,THREE-A RESOURCES BHD,CONSUMER PRODUCTS & SERVICES,False
7054,AASIA,ASTRAL ASIA BHD,PLANTATION,False
5238,AAX,AIRASIA X BERHAD,CONSUMER PRODUCTS & SERVICES,False
7167,ABLEGLOB,ABLE GLOBAL BERHAD,CONSUMER PRODUCTS & SERVICES,False
7086,ABLEGRP,ABLEGROUP BERHAD,INDUSTRIAL PRODUCTS & SERVICES,False
2488,ABMB,ALLIANCE BANK MALAYSIA BERHAD,FINANCIAL SERVICES,False
7131,ACME,ACME HOLDINGS BERHAD,PROPERTY,False
0218,ACO,ACO GROUP BERHAD,INDUSTRIAL PRODUCTS & SERVICES,False
0276,ADB,AUTOCOUNT DOTCOM BERHAD,TECHNOLOGY,False
5281,ADVCON,ADVANCECON HOLDINGS BERHAD,CONSTRUCTION,False
7191,ADVENTA,ADVENTA BHD,HEALTH CARE,False
7146,AEM,AE MULTI HOLDINGS BHD,INDUSTRIAL PRODUCTS & SERVICES,False
0181,AEMULUS,AEMULUS HOLDINGS BERHAD,TECHNOLOGY,False
6599,AEON,AEON CO. (M) BHD,CONSUMER PRODUCTS & SERVICES,False
5139,AEONCR,AEON CREDIT SERVICE (M) BHD,FINANCIAL SERVICES,False
5185,AFFIN,AFFIN BANK BERHAD,FINANCIAL SERVICES,False
5198,AFUJIYA,ABM FUJIYA BERHAD,INDUSTRIAL PRODUCTS & SERVICES,False
7145,AGES,AGESON BERHAD,CONSTRUCTION,False
7145OR,AGES-OR,AGESON BERHAD - ORDINARY RIGHTS,CONSTRUCTION,False
7145PA,AGES-PA,AGESON BERHAD - ICPS 2020/2030,CONSTRUCTION,False
0258,AGMO,AGMO HOLDINGS BERHAD,TECHNOLOGY,False
0299,AGX,AGX GROUP BERHAD,TRANSPORTATION & LOGISTICS,False
7315,AHB,AHB HOLDINGS BHD,CONSUMER PRODUCTS & SERVICES,False
7090,AHEALTH,APEX HEALTHCARE BHD,HEALTH CARE,False
0122,AIM,ADVANCE INFORMATION MARKETING,INDUSTRIAL PRODUCTS & SERVICES,False
0209,AIMFLEX,AIMFLEX BERHAD,TECHNOLOGY,False
5014,AIRPORT,MALAYSIA AIRPORTS HOLDINGS BHD,TRANSPORTATION & LOGISTICS,False
2658,AJI,AJINOMOTO (M) BHD,CONSUMER PRODUCTS & SERVICES,False
7609,AJIYA,AJIYA BHD,INDUSTRIAL PRODUCTS & SERVICES,False
5115,ALAM,ALAM MARITIM RESOURCES BHD,ENERGY,False
5116,ALAQAR,AL-AQAR HEALTHCARE REIT,REAL ESTATE INVESTMENT TRUSTS,False
2674,ALCOM,ALCOM GROUP BERHAD,INDUSTRIAL PRODUCTS & SERVICES,False
1163,ALLIANZ,ALLIANZ MALAYSIA BHD,FINANCIAL SERVICES,False
1163PA,ALLIANZ-PA,ALLIANZ MALAYSIA BHD-ICPS,FINANCIAL SERVICES,False
0303,ALPHA,ALPHA IVF GROUP BERHAD,HEALTH CARE,False
0079,ALRICH,ALDRICH RESOURCES BERHAD,TECHNOLOGY,False
5269,ALSREIT,AL-SALAM REAL ESTATE INVESTMENT TRUST,REAL ESTATE INVESTMENT TRUSTS,False
1015,AMBANK,AMMB HOLDINGS BHD,FINANCIAL SERVICES,False
5293,AME,AME ELITE CONSORTIUM BERHAD,CONSTRUCTION,False
5307,AMEREIT,AME REAL ESTATE INVESTMENT TRUST,REAL ESTATE INVESTMENT TRUSTS,False
5120,AMFIRST,AMFIRST REITS,REAL ESTATE INVESTMENT TRUSTS,False
03011,AMLEX,AMLEX HOLDINGS BERHAD,TECHNOLOGY,False
1007,AMPROP,AMCORP PROPERTIES BERHAD,PROPERTY,False
7031,AMTEL,AMTEL HOLDINGS BHD,TELECOMMUNICATIONS & MEDIA,False
6351,AMWAY,AMWAY (M) HOLDINGS BHD,CONSUMER PRODUCTS & SERVICES,False
7083,ANALABS,ANALABS RESOURCES BHD,INDUSTRIAL PRODUCTS & SERVICES,False
0048,ANCOMLB,ANCOM LOGISTICS BERHAD,TRANSPORTATION & LOGISTICS,False
4758,ANCOMNY,ANCOM NYLEX BERHAD,INDUSTRIAL PRODUCTS & SERVICES,False
0226,ANEKA,ANEKA JARINGAN HOLDINGS BERHAD,CONSTRUCTION,False
6556,ANNJOO,ANN JOO RESOURCES BHD,INDUSTRIAL PRODUCTS & SERVICES,False
6556PA,ANNJOO-PA,ANN JOO RESOURCES BERHAD-REDEEMABLE CONVERTIBLE CUMULATIVE PREFERENCE SHARES 2016/2024,INDUSTRIAL PRODUCTS & SERVICES,False
5082,ANNUM,ANNUM BERHAD,INDUSTRIAL PRODUCTS & SERVICES,False
5082OR,ANNUM-OR,ANNUM BERHAD - ORDINARY RIGHTS,INDUSTRIAL PRODUCTS & SERVICES,False
9342,ANZO,ANZO HOLDINGS BERHAD,INDUSTRIAL PRODUCTS & SERVICES,False
03051,AORB,ALPHA OCEAN RESOURCES BERHAD,CONSUMER PRODUCTS & SERVICES,False
5568,APB,APB RESOURCES BHD,INDUSTRIAL PRODUCTS & SERVICES,False
5088,APEX,APEX EQUITY HOLDINGS BHD,FINANCIAL SERVICES,False
5015,APM,APM AUTOMOTIVE HOLDINGS BHD,INDUSTRIAL PRODUCTS & SERVICES,False
6432,APOLLO,APOLLO FOOD HOLDINGS BHD,CONSUMER PRODUCTS & SERVICES,False
0119,APPASIA,APPASIA BERHAD,TECHNOLOGY,False
7214,ARANK,A-RANK BHD,INDUSTRIAL PRODUCTS & SERVICES,False
7181,ARBB,ARB BERHAD,TECHNOLOGY,False
7181OR,ARBB-OR,ARB BERHAD - ORDINARY RIGHTS,TECHNOLOGY,False
7181PA,ARBB-PA,ARB BERHAD - IRREDEEMABLE CONVERTIBLE PREFERENCE SHARES 2019/2024,TECHNOLOGY,False
7007,ARK,ARK RESOURCES HOLDINGS BERHAD,PROPERTY,False
5210,ARMADA,BUMI ARMADA BERHAD,ENERGY,False
5127,ARREIT,AMANAHRAYA REITS,REAL ESTATE INVESTMENT TRUSTS,False
0038,ARTRONIQ,ARTRONIQ BERHAD,INDUSTRIAL PRODUCTS & SERVICES,False
1481,ASB,ADVANCE SYNERGY BHD,CONSUMER PRODUCTS & SERVICES,False
1481OR,ASB-OR,ADVANCE SYNERGY BERHAD - ORDINARY RIGHTS,CONSUMER PRODUCTS & SERVICES,False
0068,ASDION,ASDION BHD,TECHNOLOGY,False
7722,ASIABRN,ASIA BRANDS BERHAD,CONSUMER PRODUCTS & SERVICES,False
7129,ASIAFLE,ASIA FILE CORPORATION BHD,CONSUMER PRODUCTS & SERVICES,False
4057,ASIAPAC,ASIAN PAC HOLDINGS BHD,PROPERTY,False
0105,ASIAPLY,ASIA POLY HOLDINGS BHD,INDUSTRIAL PRODUCTS & SERVICES,False
0105PA,ASIAPLY-PA,ASIA POLY HOLDINGS BERHAD - ICPS A 2017/2022,INDUSTRIAL PRODUCTS & SERVICES,False
7020,ASTEEL,ASTEEL GROUP BERHAD,INDUSTRIAL PRODUCTS & SERVICES,False
7162,ASTINO,ASTINO BHD,INDUSTRIAL PRODUCTS & SERVICES,False
03032,ASTRA,ASTRAMINA GROUP BERHAD,CONSUMER PRODUCTS & SERVICES,False
6399,ASTRO,ASTRO MALAYSIA HOLDINGS BERHAD,TELECOMMUNICATIONS & MEDIA,False
0072,AT,AT SYSTEMATIZATION BHD,INDUSTRIAL PRODUCTS & SERVICES,False
8176,ATAIMS,ATA IMS BERHAD,INDUSTRIAL PRODUCTS & SERVICES,False
5302,ATECH,AURELIUS TECHNOLOGIES BERHAD,INDUSTRIAL PRODUCTS & SERVICES,False
7048,ATLAN,ATLAN HOLDINGS BHD,CONSUMER PRODUCTS & SERVICES,False
5130,ATRIUM,ATRIUM REITS,REAL ESTATE INVESTMENT TRUSTS,False
7099PA,ATTA-PA,ATTA GLOBAL GROUP BERHAD - IRREDEEMABLE CONVERTIBLE PREFERENCE SHARES 2017/2022,INDUSTRIAL PRODUCTS & SERVICES,False
5025,AURO,AURO HOLDINGS BERHAD,INDUSTRIAL PRODUCTS & SERVICES,False
03037,AURORA,AURORA ITALIA INTERNATIONAL BERHAD,CONSUMER PRODUCTS & SERVICES,False
5182,AVALAND,AVALAND BERHAD,PROPERTY,False
8885,AVI,AVILLION BERHAD,CONSUMER PRODUCTS & SERVICES,False
5204,AWANTEC,AWANBIRU TECHNOLOGY BERHAD,TECHNOLOGY,False
7579,AWC,AWC BERHAD,INDUSTRIAL PRODUCTS & SERVICES,False
6888,AXIATA,AXIATA GROUP BERHAD,TELECOMMUNICATIONS & MEDIA,False
5106,AXREIT,AXIS REITS,REAL ESTATE INVESTMENT TRUSTS,False
7120,AXTERIA,AXTERIA GROUP BERHAD,PROPERTY,False
2305,AYER,AYER HOLDINGS BERHAD,PROPERTY,False
5021,AYS,AYS VENTURES BHD,INDUSTRIAL PRODUCTS & SERVICES,False
7078,AZRB,AHMAD ZAKI RESOURCES BHD,CONSTRUCTION,False
03012,BABA,BABA ECO GROUP BERHAD,CONSUMER PRODUCTS & SERVICES,False
0098,BAHVEST,BAHVEST RESOURCES BERHAD,INDUSTRIAL PRODUCTS & SERVICES,False
7251,BARAKAH,BARAKAH OFFSHORE PETROLEUM BHD,ENERGY,False
4162,BAT,BRITISH AMERICAN TOBACCO (M),CONSUMER PRODUCTS & SERVICES,False
5248,BAUTO,BERMAZ AUTO BERHAD,CONSUMER PRODUCTS & SERVICES,False
6602,BCB,BCB BHD,PROPERTY,False
0187,BCMALL,BCM ALLIANCE BERHAD,INDUSTRIAL PRODUCTS & SERVICES,False
6173,BDB,BINA DARULAMAN BHD,PROPERTY,False
5190,BENALEC,BENALEC HOLDINGS BERHAD,CONSTRUCTION,False
9814,BERTAM,BERTAM ALLIANCE BHD,PROPERTY,False
7668,BESHOM,BESHOM HOLDINGS BERHAD,CONSUMER PRODUCTS & SERVICES,False
0263,BETA,BETAMEK BERHAD,INDUSTRIAL PRODUCTS & SERVICES,False
8133,BHIC,BOUSTEAD HEAVY INDUSTRIES CORP,TRANSPORTATION & LOGISTICS,False
7005,BIG,B.I.G. INDUSTRIES BHD,INDUSTRIAL PRODUCTS & SERVICES,False
5258,BIMB,BANK ISLAM MALAYSIA BERHAD,FINANCIAL SERVICES,False
0195,BINACOM,BINASAT COMMUNICATIONS BERHAD,TELECOMMUNICATIONS & MEDIA,False
6998,BINTAI,BINTAI KINDEN CORPORATION BHD,INDUSTRIAL PRODUCTS & SERVICES,False
0179,BIOHLDG,BIOALPHA HOLDINGS BERHAD,CONSUMER PRODUCTS & SERVICES,False
0179PA,BIOHLDG-PA,BIOALPHA HOLDINGS BERHAD - IRREDEEMABLE CONVERTIBLE PREFERENCE SHARES (ICPS) 2021/2026,CONSUMER PRODUCTS & SERVICES,False
5032,BIPORT,BINTULU PORT HOLDINGS BHD,TRANSPORTATION & LOGISTICS,False
3239,BJASSET,BERJAYA ASSETS BERHAD,PROPERTY,False
3395,BJCORP,BERJAYA CORPORATION BHD,INDUSTRIAL PRODUCTS & SERVICES,False
5196,BJFOOD,BERJAYA FOOD BERHAD,CONSUMER PRODUCTS & SERVICES,False
4219,BJLAND,BERJAYA LAND BHD,CONSUMER PRODUCTS & SERVICES,False
1899,BKAWAN,BATU KAWAN BHD,PLANTATION,False
5069,BLDPLNT,BLD PLANTATION BHD,PLANTATION,False
0168,BMGREEN,BM GREENTECH BERHAD,INDUSTRIAL PRODUCTS & SERVICES,False
7195,BNASTRA,BINASTRA CORPORATION BERHAD,CONSTRUCTION,False
7195OR,BNASTRA-OR,BINASTRA CORPORATION BERHAD - ORDINARY RIGHTS,CONSTRUCTION,False
9288,BONIA,BONIA CORPORATION BHD,CONSUMER PRODUCTS & SERVICES,False
7036,BORNOIL,BORNEO OIL BHD,INDUSTRIAL PRODUCTS & SERVICES,False
6297,BOXPAK,BOX-PAK (MALAYSIA) BHD,INDUSTRIAL PRODUCTS & SERVICES,False
5254,BPLANT,BOUSTEAD PLANTATIONS BHD,PLANTATION,False
5100,BPPLAS,BP PLASTICS HOLDING BHD,INDUSTRIAL PRODUCTS & SERVICES,False
5932,BPURI,BINA PURI HOLDINGS BHD,CONSTRUCTION,False
5932OR,BPURI-OR,BINA PURI HOLDINGS BHD - ORDINARY RIGHTS,CONSTRUCTION,False
9474,BRAHIMS,BRAHIMS HOLDINGS BERHAD,CONSUMER PRODUCTS & SERVICES,False
8761,BREM,BREM HOLDINGS BHD,CONSTRUCTION,False
9938,BRIGHT,BRIGHT PACKAGING INDUSTRY BHD,INDUSTRIAL PRODUCTS & SERVICES,False
7221,BSLCORP,BSL CORPORATION BERHAD,INDUSTRIAL PRODUCTS & SERVICES,False
7221OR,BSLCORP-OR,BSL CORPORATION BERHAD - ORDINARY RIGHTS,INDUSTRIAL PRODUCTS & SERVICES,False
2771,BSTEAD,BOUSTEAD HOLDINGS BHD,INDUSTRIAL PRODUCTS & SERVICES,False
0011,BTECH,BRITE-TECH BHD,UTILITIES,False
7188,BTM,BTM RESOURCES BHD,INDUSTRIAL PRODUCTS & SERVICES,False
7188OR,BTM-OR,BTM RESOURCES BERHAD - ORDINARY RIGHTS,INDUSTRIAL PRODUCTS & SERVICES,False
1818,BURSA,BURSA MALAYSIA BHD,FINANCIAL SERVICES,False
03042,BVLH,BV LAND HOLDINGS BERHAD,CONSTRUCTION,False
7174,CAB,CAB CAKARAN CORPORATION BHD,CONSUMER PRODUCTS & SERVICES,False
0191,CABNET,CABNET HOLDINGS BERHAD,TECHNOLOGY,False
7128,CAMRES,CAM RESOURCES BHD,CONSUMER PRODUCTS & SERVICES,False
5105,CANONE,CAN-ONE BHD,INDUSTRIAL PRODUCTS & SERVICES,False
5229,CAP,CHINA AUTOMOBILE PARTS HLD LTD,INDUSTRIAL PRODUCTS & SERVICES,False
5099,CAPITALA,CAPITAL A BERHAD,CONSUMER PRODUCTS & SERVICES,False
0163,CAREPLS,CAREPLUS GROUP BERHAD,HEALTH CARE,False
5257,CARIMIN,CARIMIN PETROLEUM BERHAD,ENERGY,False
2836,CARLSBG,CARLSBERG BREWERY MALAYSIA BHD,CONSUMER PRODUCTS & SERVICES,False
03048,CARZO,CARZO HOLDINGS BERHAD,CONSUMER PRODUCTS & SERVICES,False
0173,CATCHA,CATCHA DIGITAL BERHAD,TELECOMMUNICATIONS & MEDIA,False
0173OR,CATCHA-OR,CATCHA DIGITAL BERHAD - ORDINARY RIGHTS,TELECOMMUNICATIONS & MEDIA,False
7076,CBIP,CB INDUSTRIAL PRODUCT HOLDING,INDUSTRIAL PRODUCTS & SERVICES,False
2925,CCB,CYCLE & CARRIAGE BINTANG BHD,CONSUMER PRODUCTS & SERVICES,False
03053,CCIB,CC INTERNATIONAL BERHAD,CONSUMER PRODUCTS & SERVICES,False
7035,CCK,CCK CONSOLIDATED HOLDINGS BHD,CONSUMER PRODUCTS & SERVICES,False
6947,CDB,CELCOMDIGI BERHAD,TELECOMMUNICATIONS & MEDIA,False
5311,CEB,CAPE EMS BERHAD,INDUSTRIAL PRODUCTS & SERVICES,False
0238,CEKD,CEKD BERHAD,INDUSTRIAL PRODUCTS & SERVICES,False
0243,CENGILD,CENGILD MEDICAL BERHAD,HEALTH CARE,False
5195,CENSOF,CENSOF HOLDINGS BERHAD,TECHNOLOGY,False
8982,CEPAT,CEPATWAWASAN GROUP BHD,PLANTATION,False
8435,CEPCO,CONCRETE ENGINEERING PRODUCTS,INDUSTRIAL PRODUCTS & SERVICES,False
03024,CETECH,CE TECHNOLOGY BERHAD,INDUSTRIAL PRODUCTS & SERVICES,False
8044,CFM,COMPUTER FORMS (M) BHD,INDUSTRIAL PRODUCTS & SERVICES,False
8052,CGB,CENTRAL GLOBAL BERHAD,INDUSTRIAL PRODUCTS & SERVICES,False
0291,CHB,CRITICAL HOLDINGS BERHAD,INDUSTRIAL PRODUCTS & SERVICES,False
7209,CHEETAH,CHEETAH HOLDINGS BHD,CONSUMER PRODUCTS & SERVICES,False
7187,CHGP,CHIN HIN GROUP PROPERTY BERHAD,TRANSPORTATION & LOGISTICS,False
5738,CHHB,COUNTRY HEIGHTS HOLDINGS BHD,PROPERTY,False
5273,CHINHIN,CHIN HIN GROUP BERHAD,INDUSTRIAL PRODUCTS & SERVICES,False
1929,CHINTEK,CHIN TECK PLANTATIONS BHD,PLANTATION,False
5007,CHINWEL,CHIN WELL HOLDINGS BHD,INDUSTRIAL PRODUCTS & SERVICES,False
5797,CHOOBEE,CHOO BEE METAL INDUSTRIES BHD,INDUSTRIAL PRODUCTS & SERVICES,False
7016,CHUAN,CHUAN HUAT RESOURCES BHD,INDUSTRIAL PRODUCTS & SERVICES,False
2828,CIHLDG,C.I. HOLDINGS BHD,CONSUMER PRODUCTS & SERVICES,False
1023,CIMB,CIMB GROUP HOLDINGS BERHAD,FINANCIAL SERVICES,False
7245,CITAGLB,CITAGLOBAL BERHAD,INDUSTRIAL PRODUCTS & SERVICES,False
7245PA,CITAGLB-PA,CITAGLOBAL BERHAD - IRREDEEMABLE CONVERTIBLE PREFERENCE SHARES 2021/2031,INDUSTRIAL PRODUCTS & SERVICES,False
7117,CJCEN,CJ CENTURY LOGISTICS HOLDINGS BERHAD,TRANSPORTATION & LOGISTICS,False
7154,CLASSITA,CLASSITA HOLDINGS BERHAD,CONSUMER PRODUCTS & SERVICES,False
7154OR,CLASSITA-OR,CLASSITA HOLDINGS BERHAD - ORDINARY RIGHTS,CONSUMER PRODUCTS & SERVICES,False
5180,CLMT,CAPITALAND MALAYSIA TRUST,REAL ESTATE INVESTMENT TRUSTS,False
03001,CLOUD,CLOUDARON GROUP BERHAD,TECHNOLOGY,False
0277,CLOUDPT,CLOUDPOINT TECHNOLOGY BERHAD,TECHNOLOGY,False
7018,CME,CME GROUP BHD,INDUSTRIAL PRODUCTS & SERVICES,False
2852,CMSB,CAHYA MATA SARAWAK BHD,INDUSTRIAL PRODUCTS & SERVICES,False
7986,CNASIA,CN ASIA CORPORATION BHD,INDUSTRIAL PRODUCTS & SERVICES,False
0246,CNERGEN,CNERGENZ BERHAD,TECHNOLOGY,False
5104,CNH,CITRA NUSA HOLDINGS BERHAD,CONSUMER PRODUCTS & SERVICES,False
5188,CNOUHUA,CHINA OUHUA WINERY HLDGS LTD,CONSUMER PRODUCTS & SERVICES,False
5071,COASTAL,COASTAL CONTRACTS BHD,ENERGY,False
7205,COCOLND,COCOALAND HOLDINGS BHD,CONSUMER PRODUCTS & SERVICES,False
2127,COMFORT,COMFORT GLOVES BERHAD,INDUSTRIAL PRODUCTS & SERVICES,False
5037,COMPUGT,COMPUGATES HOLDINGS BHD,INDUSTRIAL PRODUCTS & SERVICES,False
0240,CORAZA,CORAZA INTEGRATED TECHNOLOGY BERHAD,INDUSTRIAL PRODUCTS & SERVICES,False
0261,COSMOS,COSMOS TECHNOLOGY INTERNATIONAL BERHAD,INDUSTRIAL PRODUCTS & SERVICES,False
5317,CPETECH,CPE TECHNOLOGY BERHAD,INDUSTRIAL PRODUCTS & SERVICES,False
8591,CRESBLD,CREST BUILDER HOLDINGS BHD,CONSTRUCTION,False
6718,CRESNDO,CRESCENDO CORPORATION BHD,PROPERTY,False
03016,CRG,CARLO RINO GROUP BERHAD,CONSUMER PRODUCTS & SERVICES,False
5094,CSCSTEL,CSC STEEL HOLDINGS BERHAD,INDUSTRIAL PRODUCTS & SERVICES,False
7165OR,CSH-OR,CSH ALLIANCE BERHAD - ORDINARY RIGHTS,INDUSTRIAL PRODUCTS & SERVICES,False
03035,CTIB,COSMOS TECHNOLOGY INTERNATIONAL BERHAD,INDUSTRIAL PRODUCTS & SERVICES,False
5301,CTOS,CTOS DIGITAL BERHAD,TECHNOLOGY,False
0051,CUSCAPI,CUSCAPI BHD,TECHNOLOGY,False
5049,CVIEW,COUNTRY VIEW BHD,PROPERTY,False
9423,CWG,CWG HOLDINGS BERHAD,CONSUMER PRODUCTS & SERVICES,False
5166,CYBERE,CYBERJAYA EDUCATION GROUP BERHAD,CONSUMER PRODUCTS & SERVICES,False
7157,CYL,CYL CORPORATION BHD,INDUSTRIAL PRODUCTS & SERVICES,False
5184,CYPARK,CYPARK RESOURCES BERHAD,INDUSTRIAL PRODUCTS & SERVICES,False
7204,D&O,D & O GREEN TECHNOLOGIES BERHAD,TECHNOLOGY,False
5276,DANCO,DANCOMECH HOLDINGS BERHAD,INDUSTRIAL PRODUCTS & SERVICES,False
8338,DATAPRP,DATAPREP HOLDINGS BHD,TECHNOLOGY,False
0281,DAY3,DAYTHREE DIGITAL BERHAD,CONSUMER PRODUCTS & SERVICES,False
5141,DAYANG,DAYANG ENTERPRISE HOLDINGS BHD,ENERGY,False
3484,DBHD,DAMANSARA HOLDINGS BERHAD,PROPERTY,False
0283,DCHCARE,DC HEALTHCARE HOLDINGS BERHAD,HEALTH CARE,False
5132,DELEUM,DELEUM BHD,ENERGY,False
7212,DESTINI,DESTINI BERHAD,INDUSTRIAL PRODUCTS & SERVICES,False
7212OR,DESTINI-OR,DESTINI BERHAD - ORDINARY RIGHTS,INDUSTRIAL PRODUCTS & SERVICES,False
5165,DFCITY,DFCITY GROUP BERHAD,INDUSTRIAL PRODUCTS & SERVICES,False
0131,DFX,DIVFEX BERHAD,TECHNOLOGY,False
0152,DGB,DGB ASIA BERHAD,TECHNOLOGY,False
7277,DIALOG,DIALOG GROUP BHD,ENERGY,False
0029,DIGISTA,DIGISTAR CORPORATION BHD,TECHNOLOGY,False
7528,DKLS,DKLS INDUSTRIES BHD,CONSTRUCTION,False
5908,DKSH,DKSH HOLDINGS(M)BHD,CONSUMER PRODUCTS & SERVICES,False
3026,DLADY,DUTCH LADY MILK INDUSTRIES BHD,CONSUMER PRODUCTS & SERVICES,False
4456,DNEX,DAGANG NEXCHANGE BERHAD,TECHNOLOGY,False
7114,DNONCE,DNONCE TECHNOLOGY BHD,INDUSTRIAL PRODUCTS & SERVICES,False
7114OR,DNONCE-OR,D'NONCE TECHNOLOGY BHD - ORDINARY RIGHTS,INDUSTRIAL PRODUCTS & SERVICES,False
5835,DOLMITE,DOLOMITE CORPORATION BHD,INDUSTRIAL PRODUCTS & SERVICES,False
5265,DOLPHIN,DOLPHIN INTERNATIONAL BERHAD,INDUSTRIAL PRODUCTS & SERVICES,False
7169,DOMINAN,DOMINANT ENTERPRISE BHD,INDUSTRIAL PRODUCTS & SERVICES,False
7148,DPHARMA,DUOPHARMA BIOTECH BERHAD,HEALTH CARE,False
0205,DPIH,DPI HOLDINGS BERHAD,CONSUMER PRODUCTS & SERVICES,False
7198,DPS,DPS RESOURCES BHD,PROPERTY,False
1619,DRBHCOM,DRB-HICOM BHD,CONSUMER PRODUCTS & SERVICES,False
5216,DSONIC,DATASONIC GROUP BERHAD,TECHNOLOGY,False
03055,DSR,DSR TAIKO BERHAD,PLANTATION,False
0269,DSS,DS SIGMA HOLDINGS BERHAD,INDUSTRIAL PRODUCTS & SERVICES,False
7233,DUFU,DUFU TECHNOLOGY CORP. BHD,INDUSTRIAL PRODUCTS & SERVICES,False
3948,DUTALND,DUTALAND BHD,PLANTATION,False
5318,DXN,DXN HOLDINGS BHD.,CONSUMER PRODUCTS & SERVICES,False
03046,DYNAFNT,DYNAFRONT HOLDINGS BERHAD,TECHNOLOGY,False
3417,E&O,EASTERN & ORIENTAL BHD,PROPERTY,False
0154,EAH,EA HOLDINGS BERHAD,TECHNOLOGY,False
2097OR,EASTLND-OR,EASTLAND EQUITY BHD - ORDINARY RIGHTS,CONSUMER PRODUCTS & SERVICES,False
5259,EATECH,E.A.TECHNIQUE (M) BERHAD,TRANSPORTATION & LOGISTICS,False
0267,ECA,ECA INTEGRATED SOLUTION BERHAD,TECHNOLOGY,False
2143,ECM,ECM LIBRA GROUP BERHAD,FINANCIAL SERVICES,False
3557,ECOFIRS,ECOFIRST CONSOLIDATED BHD,PROPERTY,False
0059,ECOHLDS,ECOBUILT HOLDINGS BERHAD,TELECOMMUNICATIONS & MEDIA,False
0239,ECOMATE,ECOMATE HOLDINGS BERHAD,CONSUMER PRODUCTS & SERVICES,False
5253,ECONBHD,ECONPILE HOLDINGS BHD,CONSTRUCTION,False
8206,ECOWLD,ECO WORLD DEVELOPMENT GROUP BERHAD,PROPERTY,False
5036,EDARAN,EDARAN BHD,TECHNOLOGY,False
0278,EDELTEQ,EDELTEQ HOLDINGS BERHAD,TECHNOLOGY,False
7471,EDEN,EDEN INC. BHD,UTILITIES,False
1368,EDGENTA,UEM EDGENTA BERHAD,INDUSTRIAL PRODUCTS & SERVICES,False
0107,EDUSPEC,EDUSPEC HOLDINGS BERHAD,TECHNOLOGY,False
0064,EFFICEN,EFFICIENT E-SOLUTIONS BHD,INDUSTRIAL PRODUCTS & SERVICES,False
0065,EFORCE,EXCEL FORCE MSC BHD,TECHNOLOGY,False
0227,EFRAME,ECONFRAME BERHAD,INDUSTRIAL PRODUCTS & SERVICES,False
8907,EG,EG INDUSTRIES BHD,INDUSTRIAL PRODUCTS & SERVICES,False
8907PA,EG-PA,EG INDUSTRIES BERHAD - REDEEMABLE CONVERTIBLE PREFERENCE SHARES 2017/2022,INDUSTRIAL PRODUCTS & SERVICES,False
0255,EIB,ECOSCIENCE INTERNATIONAL BERHAD,INDUSTRIAL PRODUCTS & SERVICES,False
5081,EIG,ESTHETICS INTERNATIONAL GROUP,CONSUMER PRODUCTS & SERVICES,False
5208,EITA,EITA RESOURCES BERHAD,INDUSTRIAL PRODUCTS & SERVICES,False
8877,EKOVEST,EKOVEST BHD,CONSTRUCTION,False
9016,EKSONS,EKSONS CORPORATION BHD,INDUSTRIAL PRODUCTS & SERVICES,False
5228,ELKDESA,ELK-DESA RESOURCES BERHAD,FINANCIAL SERVICES,False
0090,ELSOFT,ELSOFT RESEARCH BHD,TECHNOLOGY,False
0286,EMCC,EVERGREEN MAX CASH CAPITAL BERHAD,FINANCIAL SERVICES,False
7217,EMETALL,EONMETALL GROUP BHD,INDUSTRIAL PRODUCTS & SERVICES,False
9091,EMICO,EMICO HOLDINGS BHD,CONSUMER PRODUCTS & SERVICES,False
6076,ENCORP,ENCORP BHD,PROPERTY,False
03025,ENEST,ENEST GROUP BERHAD,CONSUMER PRODUCTS & SERVICES,False
7149,ENGKAH,ENG KAH CORPORATION BHD,CONSUMER PRODUCTS & SERVICES,False
5056,ENGTEX,ENGTEX GROUP BHD,INDUSTRIAL PRODUCTS & SERVICES,False
8613,ENRA,ENRA GROUP BERHAD,PROPERTY,False
4847,EPICON,EPICON BERHAD,CONSUMER PRODUCTS & SERVICES,False
7773,EPMB,EP MANUFACTURING BHD,INDUSTRIAL PRODUCTS & SERVICES,False
0190,ESAFE,EVERSAFE RUBBER BERHAD,INDUSTRIAL PRODUCTS & SERVICES,False
0100,ESCERAM,ES CERAMICS TECHNOLOGY BHD,INDUSTRIAL PRODUCTS & SERVICES,False
03021,ETH,EQUITIESTRACKER HOLDINGS BERHAD,CONSUMER PRODUCTS & SERVICES,False
6815,EUPE,EUPE CORPORATION BHD,PROPERTY,False
7208,EURO,EURO HOLDINGS BHD,CONSUMER PRODUCTS & SERVICES,False
7094,EUROSP,EUROSPAN HOLDINGS BHD,CONSUMER PRODUCTS & SERVICES,False
0174,EVD,EVD BERHAD,TECHNOLOGY,False
0174PA,EVD-PA,EVD BERHAD - REDEEMABLE CONVERTIBLE PREFERENCE SHARES A 2022/2032,TECHNOLOGY,False
5101,EVERGRN,EVERGREEN FIBREBOARD BHD,INDUSTRIAL PRODUCTS & SERVICES,False
7249,EWEIN,EWEIN BERHAD,PROPERTY,False
5283,EWINT,ECO WORLD INTERNATIONAL BERHAD,PROPERTY,False
3689,F&N,FRASER & NEAVE HOLDINGS BHD,CONSUMER PRODUCTS & SERVICES,False
2984,FACBIND,FACB INDUSTRIES INCORPORATED,INDUSTRIAL PRODUCTS & SERVICES,False
7047,FAJAR,FAJARBARU BUILDER GRP BHD,CONSTRUCTION,False
7047OR,FAJAR-OR,FAJARBARU BUILDER GROUP BHD - ORDINARY RIGHTS,CONSTRUCTION,False
5029,FAREAST,FAR EAST HOLDINGS BHD,PLANTATION,False
6041,FARLIM,FARLIM GROUP (M) BHD,PROPERTY,False
0084,FAST,FAST ENERGY HOLDINGS BERHAD,INDUSTRIAL PRODUCTS & SERVICES,False
7229,FAVCO,FAVELLE FAVCO BHD,INDUSTRIAL PRODUCTS & SERVICES,False
03026,FBBHD,FIBROMAT (M) BERHAD,INDUSTRIAL PRODUCTS & SERVICES,False
2755,FCW,FCW HOLDINGS BHD,CONSUMER PRODUCTS & SERVICES,False
5306,FFB,FARM FRESH BERHAD,CONSUMER PRODUCTS & SERVICES,False
5222,FGV,FGV HOLDINGS BERHAD,PLANTATION,False
6939,FIAMMA,FIAMMA HOLDINGS BHD,CONSUMER PRODUCTS & SERVICES,False
0149,FIBON,FIBON BERHAD,INDUSTRIAL PRODUCTS & SERVICES,False
8605,FIHB,FEDERAL INTERNATIONAL HOLDINGS BERHAD,CONSUMER PRODUCTS & SERVICES,False
8605PA,FIHB-PA,FEDERAL INTERNATIONAL HOLDINGS BERHAD - RCPS 16/26,CONSUMER PRODUCTS & SERVICES,False
8605PB,FIHB-PB,FEDERAL INTERNATIONAL HOLDINGS BERHAD - RCPS 18/28,CONSUMER PRODUCTS & SERVICES,False
3107,FIMACOR,FIMA CORPORATION BHD,INDUSTRIAL PRODUCTS & SERVICES,False
0150,FINTEC,FINTEC GLOBAL BERHAD,FINANCIAL SERVICES,False
0150PA,FINTEC-PA,FINTEC GLOBAL BERHAD - ICPS A 2017/2027,FINANCIAL SERVICES,False
9318,FITTERS,FITTERS DIVERSIFIED BHD,INDUSTRIAL PRODUCTS & SERVICES,False
9318OR,FITTERS-OR,FITTERS DIVERSIFIED BERHAD - ORDINARY RIGHTS,INDUSTRIAL PRODUCTS & SERVICES,False
5197,FLBHD,FOCUS LUMBER BERHAD,INDUSTRIAL PRODUCTS & SERVICES,False
0231,FLEXI,FLEXIDYNAMIC HOLDINGS BERHAD,INDUSTRIAL PRODUCTS & SERVICES,False
7210,FM,FM GLOBAL LOGISTICS HOLDINGS BERHAD,TRANSPORTATION & LOGISTICS,False
0116,FOCUS,FOCUS DYNAMICS GROUP BERHAD,CONSUMER PRODUCTS & SERVICES,False
0116PA,FOCUS-PA,FOCUS DYNAMICS GROUP BERHAD - IRREDEEMABLE CONVERTIBLE PREFERENCE SHARES 2020/2030,CONSUMER PRODUCTS & SERVICES,False
0157,FOCUSP,FOCUS POINT HOLDINGS BERHAD,CONSUMER PRODUCTS & SERVICES,False
5277,FPGROUP,FOUNDPAC GROUP BERHAD,INDUSTRIAL PRODUCTS & SERVICES,False
9172,FPI,FORMOSA PROSONIC INDUSTRIES,CONSUMER PRODUCTS & SERVICES,False
0128,FRONTKN,FRONTKEN CORPORATION BHD,TECHNOLOGY,False
9377,FSBM,FSBM HOLDINGS BHD,TECHNOLOGY,False
7184,G3,G3 GLOBAL BERHAD,CONSUMER PRODUCTS & SERVICES,False
9261,GADANG,GADANG HOLDINGS BHD,CONSTRUCTION,False
5398,GAMUDA,GAMUDA BHD,CONSTRUCTION,False
5209,GASMSIA,GAS MALAYSIA BERHAD,UTILITIES,False
9148,GBAY,GREATER BAY HOLDINGS BERHAD,INDUSTRIAL PRODUCTS & SERVICES,False
5226,GBGAQRS,GABUNGAN AQRS BERHAD,CONSTRUCTION,False
7676,GCAP,G CAPITAL BERHAD,TRANSPORTATION & LOGISTICS,False
5102,GCB,GUAN CHONG BHD,CONSUMER PRODUCTS & SERVICES,False
5592,GCE,GRAND CENTRAL ENTERPRISES BHD,CONSUMER PRODUCTS & SERVICES,False
0198,GDB,GDB HOLDINGS BERHAD,CONSTRUCTION,False
0078,GDEX,GDEX BERHAD,TRANSPORTATION & LOGISTICS,False
0104,GENETEC,GENETEC TECHNOLOGY BERHAD,TECHNOLOGY,False
4715,GENM,GENTING MALAYSIA BERHAD,CONSUMER PRODUCTS & SERVICES,False
2291,GENP,GENTING PLANTATIONS BERHAD,PLANTATION,False
3182,GENTING,GENTING BHD,CONSUMER PRODUCTS & SERVICES,False
7197,GESHEN,GE-SHEN CORPORATION BHD,INDUSTRIAL PRODUCTS & SERVICES,False
0039,GFM,GFM SERVICES BERHAD,INDUSTRIAL PRODUCTS & SERVICES,False
0021,GHLSYS,GHL SYSTEMS BHD,TECHNOLOGY,False
7192,GIIB,GIIB HOLDINGS BERHAD,INDUSTRIAL PRODUCTS & SERVICES,False
3204,GKENT,GEORGE KENT (M) BHD,CONSTRUCTION,False
7382,GLBHD,GOLDEN LAND BERHAD,PLANTATION,False
5020,GLOMAC,GLOMAC BHD,PROPERTY,False
5220,GLOTEC,GLOBALTEC FORMATION BERHAD,INDUSTRIAL PRODUCTS & SERVICES,False
0284,GLXT,GLOSTREXT BERHAD,INDUSTRIAL PRODUCTS & SERVICES,False
9962,GMUTUAL,GROMUTUAL BHD,PROPERTY,False
1147,GOB,GLOBAL ORIENTAL BERHAD,PROPERTY,False
0074,GOCEAN,GREEN OCEAN CORPORATION BERHAD,CONSUMER PRODUCTS & SERVICES,False
03028,GOINNO,GO INNOVATE ASIA BERHAD,INDUSTRIAL PRODUCTS & SERVICES,False
2135,GOPENG,GOPENG BHD,PLANTATION,False
0082,GPACKET,GREEN PACKET BHD,TELECOMMUNICATIONS & MEDIA,False
5649,GPHAROS,GOLDEN PHAROS BHD,INDUSTRIAL PRODUCTS & SERVICES,False
03029,GPP,GPP RESOURCES BERHAD,INDUSTRIAL PRODUCTS & SERVICES,False
0208,GREATEC,GREATECH TECHNOLOGY BERHAD,TECHNOLOGY,False
0136,GREENYB,GREENYIELD BHD,CONSUMER PRODUCTS & SERVICES,False
7022,GTRONIC,GLOBETRONICS TECHNOLOGY BHD,TECHNOLOGY,False
3247,GUH,GUH HOLDINGS BHD,INDUSTRIAL PRODUCTS & SERVICES,False
1503,GUOCO,GUOCOLAND (MALAYSIA) BHD,PROPERTY,False
0237,HAILY,HAILY GROUP BERHAD,CONSTRUCTION,False
7253,HANDAL,HANDAL ENERGY BERHAD,ENERGY,False
3034,HAPSENG,HAP SENG CONSOLIDATED BHD,INDUSTRIAL PRODUCTS & SERVICES,False
2062,HARBOUR,HARBOUR-LINK GROUP BHD,TRANSPORTATION & LOGISTICS,False
5008,HARISON,HARRISONS HOLDINGS (M) BHD,CONSUMER PRODUCTS & SERVICES,False
7501,HARNLEN,HARN LEN CORPORATION BHD,PLANTATION,False
5168,HARTA,HARTALEGA HOLDINGS BHD,HEALTH CARE,False
5187,HBGLOB,HB GLOBAL LIMITED,CONSUMER PRODUCTS & SERVICES,False
7105,HCK,HCK CAPITAL GROUP BERHAD,PROPERTY,False
0296,HEGROUP,HE GROUP BERHAD,INDUSTRIAL PRODUCTS & SERVICES,False
3255,HEIM,HEINEKEN MALAYSIA BERHAD,CONSUMER PRODUCTS & SERVICES,False
5121,HEKTAR,HEKTAR REITS,REAL ESTATE INVESTMENT TRUSTS,False
4324,HENGYUAN,HENGYUAN REFINING COMPANY BERHAD,ENERGY,False
5095,HEVEA,HEVEABOARD BHD,INDUSTRIAL PRODUCTS & SERVICES,False
0035,HEXCAP,HEXTAR CAPITAL BERHAD,TELECOMMUNICATIONS & MEDIA,False
7803,HEXCARE,HEXTAR HEALTHCARE BERHAD,HEALTH CARE,False
0161,HEXIND,HEXTAR INDUSTRIES BERHAD,INDUSTRIAL PRODUCTS & SERVICES,False
0161OR,HEXIND-OR,HEXTAR INDUSTRIES BERHAD - ORDINARY RIGHTS,INDUSTRIAL PRODUCTS & SERVICES,False
7202,HEXRTL,HEXTAR RETAIL BERHAD,CONSUMER PRODUCTS & SERVICES,False
5151,HEXTAR,HEXTAR GLOBAL BERHAD,INDUSTRIAL PRODUCTS & SERVICES,False
5136,HEXTECH,HEXTAR TECHNOLOGIES SOLUTIONS BERHAD,TRANSPORTATION & LOGISTICS,False
3298,HEXZA,HEXZA CORPORATION BHD,INDUSTRIAL PRODUCTS & SERVICES,False
0160,HHHCORP,HIAP HUAT HOLDINGS BHD,INDUSTRIAL PRODUCTS & SERVICES,False
0175,HHRG,HHRG BERHAD,INDUSTRIAL PRODUCTS & SERVICES,False
5072,HIAPTEK,HIAP TECK VENTURE BHD,INDUSTRIAL PRODUCTS & SERVICES,False
5199,HIBISCS,HIBISCUS PETROLEUM BHD,ENERGY,False
5199PA,HIBISCS-PA,HIBISCUS PETROLEUM BERHAD - CONVERTIBLE REDEEMABLE PREFERENCE SHARES 2020/2022,ENERGY,False
7033,HIGHTEC,KUMPULAN H&L HIGH-TECH BHD,INDUSTRIAL PRODUCTS & SERVICES,False
8443,HIL,HIL INDUSTRIES BHD,INDUSTRIAL PRODUCTS & SERVICES,False
5819,HLBANK,HONG LEONG BANK BHD,FINANCIAL SERVICES,False
5274,HLCAP,HONG LEONG CAPITAL BERHAD,FINANCIAL SERVICES,False
1082,HLFG,HONG LEONG FINANCIAL GROUP BHD,FINANCIAL SERVICES,False
3301,HLIND,HONG LEONG INDUSTRIES BHD,CONSUMER PRODUCTS & SERVICES,False
0188,HLT,HLT GLOBAL BERHAD,INDUSTRIAL PRODUCTS & SERVICES,False
0060,HM,HARVEST MIRACLE CAPITAL BERHAD,TECHNOLOGY,False
0060PA,HM-PA,HARVEST MIRACLE CAPITAL BERHAD - ICPS 2019/2024,TECHNOLOGY,False
5169,HOHUP,HO HUP CONSTRUCTION COMPANY,CONSTRUCTION,False
5160,HOMERIZ,HOMERITZ CORPORATION BERHAD,CONSUMER PRODUCTS & SERVICES,False
0041,HONGSENG,HONG SENG CONSOLIDATED BERHAD,TECHNOLOGY,False
0041PA,HONGSENG-PA,HONG SENG CONSOLIDATED BERHAD - ICPS A 2019/2024,TECHNOLOGY,False
5291,HPMT,HPMT HOLDINGS BERHAD,INDUSTRIAL PRODUCTS & SERVICES,False
0228,HPPHB,HPP HOLDINGS BERHAD,INDUSTRIAL PRODUCTS & SERVICES,False
6238,HSL,HOCK SENG LEE BHD,CONSTRUCTION,False
5138,HSPLANT,HAP SENG PLANTATIONS HOLDINGS,PLANTATION,False
0185,HSSEB,HSS ENGINEERS BERHAD,INDUSTRIAL PRODUCTS & SERVICES,False
5028,HTPADU,HEITECH PADU BHD,TECHNOLOGY,False
5062,HUAYANG,HUA YANG BHD,PROPERTY,False
5062OR,HUAYANG-OR,HUA YANG BERHAD - ORDINARY RIGHTS,PROPERTY,False
7013,HUBLINE,HUBLINE BHD,TRANSPORTATION & LOGISTICS,False
5000,HUMEIND,HUME CEMENT INDUSTRIES BERHAD,INDUSTRIAL PRODUCTS & SERVICES,False
5024,HUPSENG,HUP SENG INDUSTRIES BHD,CONSUMER PRODUCTS & SERVICES,False
8478,HWATAI,HWA TAI INDUSTRIES BHD,CONSUMER PRODUCTS & SERVICES,False
9601,HWGB,HO WAH GENTING BHD,INDUSTRIAL PRODUCTS & SERVICES,False
4251,IBHD,I-BHD,PROPERTY,False
4251PA,IBHD-PA,I-BERHAD - REDEEMABLE CUMULATIVE CONVERTIBLE PREFERENCE SHARES A,PROPERTY,False
5084,IBRACO,IBRACO BHD,PROPERTY,False
5108,ICAP,ICAPITAL.BIZ BHD,CLOSED END FUND,False
5255,ICON,ICON OFFSHORE BERHAD,ENERGY,False
9113,ICONIC,ICONIC WORLDWIDE BERHAD,CONSUMER PRODUCTS & SERVICES,False
9113OR,ICONIC-OR,ICONIC WORLDWIDE BERHAD - ORDINARY RIGHTS,CONSUMER PRODUCTS & SERVICES,False
03038,ICTZONE,ICT ZONE ASIA BERHAD,TECHNOLOGY,False
03038P,ICTZONE-PA,ICT ZONE ASIA BERHAD - ICPS A 2020/2025,TECHNOLOGY,False
03030,IDBTECH,IDB TECHNOLOGIES BERHAD,TECHNOLOGY,False
9687,IDEAL,IDEAL CAPITAL BERHAD,PROPERTY,False
0174OR,IDMENSN-OR,IDIMENSION CONSOLIDATED BHD - ORDINARY RIGHTS,TECHNOLOGY,False
0174PR,IDMENSN-PR,IDIMENSION CONSOLIDATED BHD - PREFERENCE RIGHTS,TECHNOLOGY,False
0023,IFCAMSC,IFCA MSC BHD,TECHNOLOGY,False
5606,IGBB,IGB BERHAD,PROPERTY,False
5606PB,IGBB-PB,IGB BERHAD - REDEEMABLE CONVERTIBLE CUMULATIVE PREFERENCE SHARES 2018/2025,PROPERTY,False
5299,IGBCR,IGB COMMERCIAL REAL ESTATE INVESTMENT TRUST,REAL ESTATE INVESTMENT TRUSTS,False
5227,IGBREIT,IGB REAL ESTATE INV TRUST,REAL ESTATE INVESTMENT TRUSTS,False
7240,IHB,INFRAHARTA HOLDINGS BERHAD,CONSTRUCTION,False
5225,IHH,IHH HEALTHCARE BERHAD,HEALTH CARE,False
3336,IJM,IJM CORPORATION BHD,CONSTRUCTION,False
2216,IJMPLNT,IJM PLANTATIONS BHD,PLANTATION,False
5614,ILB,ILB GROUP BERHAD,TRANSPORTATION & LOGISTICS,False
7222,IMASPRO,IMASPRO CORPORATION BHD,INDUSTRIAL PRODUCTS & SERVICES,False
0166,INARI,INARI AMERTRON BERHAD,TECHNOLOGY,False
2607,INCKEN,INCH KENNETH KAJANG RUBBER PLC,PLANTATION,False
0265,INFOM,INFOMINA BERHAD,TECHNOLOGY,False
0253,INFOTEC,INFOLINE TEC GROUP BERHAD,TECHNOLOGY,False
5178,INGENIEU,INGENIEUR GUDANG BERHAD,INDUSTRIAL PRODUCTS & SERVICES,False
5178PA,INGENIEU-PA,INGENIEUR GUDANG BERHAD - IRREDEEMABLE CONVERTIBLE PREFERENCE SHARES 2018/2023,INDUSTRIAL PRODUCTS & SERVICES,False
5295,INNATURE,INNATURE BERHAD,CONSUMER PRODUCTS & SERVICES,False
0147,INNITY,INNITY CORPORATION BHD,TELECOMMUNICATIONS & MEDIA,False
6262,INNO,INNOPRISE PLANTATIONS BERHAD,PLANTATION,False
3379,INSAS,INSAS BHD,FINANCIAL SERVICES,False
3379PB,INSAS-PB,INSAS BERHAD - REDEEMABLE PREFERENCE SHARES B,FINANCIAL SERVICES,False
0192,INTA,INTA BINA GROUP BERHAD,CONSTRUCTION,False
1961,IOICORP,IOI CORPORATION BHD,PLANTATION,False
5249,IOIPG,IOI PROPERTIES GROUP BERHAD,PROPERTY,False
5107,IQGROUP,IQ GROUP HOLDINGS BHD,CONSUMER PRODUCTS & SERVICES,False
7183,IQZAN,IQZAN HOLDING BERHAD,INDUSTRIAL PRODUCTS & SERVICES,False
8834,IREKA,IREKA CORPORATION BHD,CONSTRUCTION,False
0010,IRIS,IRIS CORPORATION BHD,TECHNOLOGY,False
5309,ITMAX,ITMAX SYSTEM BERHAD,TECHNOLOGY,False
9393,ITRONIC,INDUSTRONICS BHD,TECHNOLOGY,False
5175,IVORY,IVORY PROPERTIES GROUP BERHAD,PROPERTY,False
1589,IWCITY,ISKANDAR WATERFRONT CITY BERHAD,PROPERTY,False
7043,JADEM,JADE MARVEL GROUP BERHAD,INDUSTRIAL PRODUCTS & SERVICES,False
7223,JADI,JADI IMAGING HOLDINGS BHD,CONSUMER PRODUCTS & SERVICES,False
0024,JAG,JAG BERHAD,INDUSTRIAL PRODUCTS & SERVICES,False
4723,JAKS,JAKS RESOURCES BERHAD,CONSTRUCTION,False
8648,JASKITA,JASA KITA BHD,INDUSTRIAL PRODUCTS & SERVICES,False
7152,JAYCORP,JAYCORP BHD,CONSUMER PRODUCTS & SERVICES,False
0058,JCBNEXT,JCBNEXT BERHAD,INDUSTRIAL PRODUCTS & SERVICES,False
5161,JCY,JCY INTERNATIONAL BERHAD,TECHNOLOGY,False
8931,JERASIA,JERASIA CAPITAL BHD,CONSUMER PRODUCTS & SERVICES,False
9083,JETSON,KUMPULAN JETSON BHD,INDUSTRIAL PRODUCTS & SERVICES,False
0146,JFTECH,JF TECHNOLOGY BHD,TECHNOLOGY,False
0127,JHM,JHM CONSOLIDATION BHD,TECHNOLOGY,False
8923,JIANKUN,JIANKUN INTERNATIONAL BERHAD,PROPERTY,False
03040,JISHAN,JISHAN BERHAD,INDUSTRIAL PRODUCTS & SERVICES,False
6769,JKGLAND,JKG LAND BERHAD,PROPERTY,False
7096,JOE,JOE HOLDING BERHAD,INDUSTRIAL PRODUCTS & SERVICES,False
3441,JOHAN,JOHAN HOLDINGS BHD,FINANCIAL SERVICES,False
5673,JSB,JENTAYU SUSTAINABLES BERHAD,INDUSTRIAL PRODUCTS & SERVICES,False
5673OR,JSB-OR,JENTAYU SUSTAINABLES BERHAD - ORDINARY RIGHTS,INDUSTRIAL PRODUCTS & SERVICES,False
0292,JTGROUP,JATI TINGGI GROUP BERHAD,CONSTRUCTION,False
4383,JTIASA,JAYA TIASA HOLDINGS BHD,PLANTATION,False
0111,K1,K-ONE TECHNOLOGY BHD,TECHNOLOGY,False
0193,KAB,KINERGY ADVANCEMENT BERHAD,INDUSTRIAL PRODUCTS & SERVICES,False
8672,KAMDAR,KAMDAR GROUP(M)BHD,CONSUMER PRODUCTS & SERVICES,False
0170,KANGER,KANGER INTERNATIONAL BERHAD,CONSUMER PRODUCTS & SERVICES,False
5247,KAREX,KAREX BERHAD,CONSUMER PRODUCTS & SERVICES,False
0054,KARYON,KARYON INDUSTRIES BHD,INDUSTRIAL PRODUCTS & SERVICES,False
7216,KAWAN,KAWAN FOOD BHD,CONSUMER PRODUCTS & SERVICES,False
7199,KEINHIN,KEIN HING INTERNATIONAL BHD,INDUSTRIAL PRODUCTS & SERVICES,False
7323,KEN,KEN HOLDINGS BHD,PROPERTY,False
6483,KENANGA,KENANGA INVESTMENT BANK BERHAD,FINANCIAL SERVICES,False
7161,KERJAYA,KERJAYA PROSPEK GROUP BERHAD,CONSTRUCTION,False
9334,KESM,KESM INDUSTRIES BHD,TECHNOLOGY,False
0143,KEYASIC,KEY ASIC BHD,TECHNOLOGY,False
6491,KFIMA,KUMPULAN FIMA BHD,INDUSTRIAL PRODUCTS & SERVICES,False
0151,KGB,KELINGTON GROUP BERHAD,INDUSTRIAL PRODUCTS & SERVICES,False
0036,KGROUP,KEY ALLIANCE GROUP BERHAD,TECHNOLOGY,False
0282,KGW,KGW GROUP BERHAD,TRANSPORTATION & LOGISTICS,False
6203,KHEESAN,KHEE SAN BHD,CONSUMER PRODUCTS & SERVICES,False
7062,KHIND,KHIND HOLDINGS BHD,CONSUMER PRODUCTS & SERVICES,False
0210,KHJB,KIM HIN JOO (MALAYSIA) BERHAD,CONSUMER PRODUCTS & SERVICES,False
6211,KIALIM,KIA LIM BHD,INDUSTRIAL PRODUCTS & SERVICES,False
5371,KIMHIN,KIM HIN INDUSTRY BHD,INDUSTRIAL PRODUCTS & SERVICES,False
5171,KIMLUN,KIMLUN CORPORATION BERHAD,CONSTRUCTION,False
5280,KIPREIT,KIP REAL ESTATE INVESTMENT TRUST,REAL ESTATE INVESTMENT TRUSTS,False
5280TA,KIPREIT-TA,KIP REAL ESTATE INVESTMENT TRUST - A UNITS,REAL ESTATE INVESTMENT TRUSTS,False
5310,KITACON,KUMPULAN KITACON BERHAD,CONSTRUCTION,False
0293,KJTS,KJTS GROUP BERHAD,INDUSTRIAL PRODUCTS & SERVICES,False
9466,KKB,KKB ENGINEERING BHD,INDUSTRIAL PRODUCTS & SERVICES,False
5235SS,KLCC,KLCC PROP&REITS-STAPLED SEC,REAL ESTATE INVESTMENT TRUSTS,False
2445,KLK,KUALA LUMPUR KEPONG BHD,PLANTATION,False
2453,KLUANG,KLUANG RUBBER CO (M) BHD,PLANTATION,False
5027,KMLOONG,KIM LOONG RESOURCES BHD,PLANTATION,False
7164,KNM,KNM GROUP BHD,ENERGY,False
5035,KNUSFOR,KNUSFORD BHD,INDUSTRIAL PRODUCTS & SERVICES,False
6971,KOBAY,KOBAY TECHNOLOGY BHD,INDUSTRIAL PRODUCTS & SERVICES,False
7017,KOMARK,KOMARKCORP BHD,INDUSTRIAL PRODUCTS & SERVICES,False
7017OR,KOMARK-OR,KOMARKCORP BERHAD - ORDINARY RIGHTS,INDUSTRIAL PRODUCTS & SERVICES,False
7153,KOSSAN,KOSSAN RUBBER INDUSTRIES BHD,HEALTH CARE,False
0002,KOTRA,KOTRA INDUSTRIES BHD,HEALTH CARE,False
5878,KPJ,KPJ HEALTHCARE BHD,HEALTH CARE,False
7077,KPPROP,KERJAYA PROSPEK PROPERTY BERHAD,PROPERTY,False
5843,KPS,KUMPULAN PERANGSANG SELANGOR,INDUSTRIAL PRODUCTS & SERVICES,False
9121,KPSCB,KPS CONSORTIUM BHD,INDUSTRIAL PRODUCTS & SERVICES,False
1996,KRETAM,KRETAM HOLDINGS BHD,PLANTATION,False
0176,KRONO,KRONOLOGI ASIA BERHAD,TECHNOLOGY,False
3476,KSENG,KECK SENG (M) BHD,INDUSTRIAL PRODUCTS & SERVICES,False
5038,KSL,KSL HOLDINGS BHD,PROPERTY,False
5192,KSSC,K. SENG SENG CORPORATION BHD,INDUSTRIAL PRODUCTS & SERVICES,False
0180,KTC,KIM TECK CHEONG CONSOLIDATED BERHAD,CONSUMER PRODUCTS & SERVICES,False
6874,KUB,KUB MALAYSIA BHD,INDUSTRIAL PRODUCTS & SERVICES,False
2186,KUCHAI,KUCHAI DEVELOPMENT BHD,FINANCIAL SERVICES,False
8362,KYM,KYM HOLDINGS BHD,INDUSTRIAL PRODUCTS & SERVICES,False
3174,L&G,LAND & GENERAL BHD,PROPERTY,False
0268,L&PBHD,L&P GLOBAL BERHAD,INDUSTRIAL PRODUCTS & SERVICES,False
7179,LAGENDA,LAGENDA PROPERTIES BERHAD,PROPERTY,False
0018,LAMBO,LAMBO GROUP BERHAD,TECHNOLOGY,False
1643,LANDMRK,LANDMARKS BHD,CONSUMER PRODUCTS & SERVICES,False
9385,LAYHONG,LAY HONG BHD,CONSUMER PRODUCTS & SERVICES,False
9326,LBALUM,LB ALUMINIUM BHD,INDUSTRIAL PRODUCTS & SERVICES,False
8494,LBICAP,LBI CAPITAL BHD,PROPERTY,False
5789,LBS,LBS BINA GROUP BHD,PROPERTY,False
5789PA,LBS-PA,LBS BINA GROUP BERHAD - REDEEMABLE CONVERTIBLE PREFERENCE SHARES,PROPERTY,False
5284,LCTITAN,LOTTE CHEMICAL TITAN HOLDING BERHAD,INDUSTRIAL PRODUCTS & SERVICES,False
9628,LEBTECH,LEBTECH BERHAD,CONSTRUCTION,False
8079,LEESK,LEE SWEE KIAT GROUP BHD,CONSUMER PRODUCTS & SERVICES,False
0266,LEFORM,LEFORM BERHAD,INDUSTRIAL PRODUCTS & SERVICES,False
5232,LEONFB,LEON FUAT BERHAD,INDUSTRIAL PRODUCTS & SERVICES,False
7170,LFECORP,LFE CORPORATION BHD,INDUSTRIAL PRODUCTS & SERVICES,False
0249,LGMS,LGMS BERHAD,TECHNOLOGY,False
6633,LHI,LEONG HUP INTERNATIONAL BERHAD,CONSUMER PRODUCTS & SERVICES,False
3573,LIENHOE,LIEN HOE CORPORATION BHD,PROPERTY,False
7089,LIIHEN,LII HEN INDUSTRIES BHD,CONSUMER PRODUCTS & SERVICES,False
4235,LIONIND,LION INDUSTRIES CORPORATION,INDUSTRIAL PRODUCTS & SERVICES,False
8486,LIONPSIM,LION POSIM BERHAD,INDUSTRIAL PRODUCTS & SERVICES,False
6645,LITRAK,LINGKARAN TRANS KOTA HOLDINGS,TRANSPORTATION & LOGISTICS,False
0182,LKL,LKL INTERNATIONAL BERHAD,HEALTH CARE,False
8303,LOTUS,LOTUS KFM BERHAD,CONSUMER PRODUCTS & SERVICES,False
8621,LPI,LPI CAPITAL BHD,FINANCIAL SERVICES,False
03047,LSH,LIM SEONG HAI CAPITAL BERHAD,CONSTRUCTION,False
9881,LSTEEL,LEADER STEEL HOLDINGS BHD,INDUSTRIAL PRODUCTS & SERVICES,False
7085,LTKM,LTKM BHD,CONSUMER PRODUCTS & SERVICES,False
5068,LUSTER,LUSTER INDUSTRIES BHD,INDUSTRIAL PRODUCTS & SERVICES,False
5143,LUXCHEM,LUXCHEM CORPORATION BHD,INDUSTRIAL PRODUCTS & SERVICES,False
0075,LYC,LYC HEALTHCARE BERHAD,HEALTH CARE,False
9199,LYSAGHT,LYSAGHT GALVANIZED STEEL BHD,INDUSTRIAL PRODUCTS & SERVICES,False
7082,M&A,M & A EQUITY HOLDINGS BERHAD,FINANCIAL SERVICES,False
5078,M&G,MARINE & GENERAL BERHAD,TRANSPORTATION & LOGISTICS,False
1198,MAA,MAA GROUP BERHAD,FINANCIAL SERVICES,False
0095,MAG,MAG HOLDINGS BERHAD,CONSUMER PRODUCTS & SERVICES,False
7243,MAGMA,MAGMA GROUP BERHAD,CONSUMER PRODUCTS & SERVICES,False
7617,MAGNA,MAGNA PRIMA BHD,PROPERTY,False
7087,MAGNI,MAGNI-TECH INDUSTRIES BHD,CONSUMER PRODUCTS & SERVICES,False
3859,MAGNUM,MAGNUM BERHAD,CONSUMER PRODUCTS & SERVICES,False
8583,MAHSING,MAH SING GROUP BHD,PROPERTY,False
5264,MALAKOF,MALAKOFF CORPORATION BERHAD,UTILITIES,False
4936,MALPAC,MALPAC HOLDINGS BHD,PLANTATION,False
6181,MALTON,MALTON BHD,PROPERTY,False
1058,MANULFE,MANULIFE HOLDINGS BERHAD,FINANCIAL SERVICES,False
3514,MARCO,MARCO HOLDINGS BHD,CONSUMER PRODUCTS & SERVICES,False
5098,MASTEEL,MALAYSIA STEEL WORKS (KL)BHD,INDUSTRIAL PRODUCTS & SERVICES,False
5098OR,MASTEEL-OR,MALAYSIA STEEL WORKS (KL) BHD - ORDINARY RIGHTS,INDUSTRIAL PRODUCTS & SERVICES,False
7029,MASTER,MASTER-PACK GROUP BERHAD,INDUSTRIAL PRODUCTS & SERVICES,False
0189,MATANG,MATANG BERHAD,PLANTATION,False
5236,MATRIX,MATRIX CONCEPTS HOLDINGS BHD,PROPERTY,False
4022,MAXIM,MAXIM GLOBAL BERHAD,PROPERTY,False
6012,MAXIS,MAXIS BERHAD,TELECOMMUNICATIONS & MEDIA,False
1155,MAYBANK,MALAYAN BANKING BHD,FINANCIAL SERVICES,False
5077,MAYBULK,MAYBULK BERHAD,TRANSPORTATION & LOGISTICS,False
7099,MAYU,MAYU GLOBAL GROUP BERHAD,INDUSTRIAL PRODUCTS & SERVICES,False
5152,MBL,MUAR BAN LEE GROUP BERHAD,INDUSTRIAL PRODUCTS & SERVICES,False
5983,MBMR,MBM RESOURCES BHD,CONSUMER PRODUCTS & SERVICES,False
0280,MBN,MYMBN BERHAD,CONSUMER PRODUCTS & SERVICES,False
2097,MBRIGHT,META BRIGHT GROUP BERHAD,CONSUMER PRODUCTS & SERVICES,False
1171,MBSB,MALAYSIA BUILDING SOCIETY BHD,FINANCIAL SERVICES,False
7004,MCEHLDG,MCE HOLDINGS BERHAD,INDUSTRIAL PRODUCTS & SERVICES,False
3794,MCEMENT,MALAYAN CEMENT BERHAD,INDUSTRIAL PRODUCTS & SERVICES,False
0167,MCLEAN,MCLEAN TECHNOLOGIES BERHAD,INDUSTRIAL PRODUCTS & SERVICES,False
03022,MCOM,MCOM HOLDINGS BERHAD,TECHNOLOGY,False
4502,MEDIA,MEDIA PRIMA BHD,TELECOMMUNICATIONS & MEDIA,False
5090,MEDIAC,MEDIA CHINESE INTERNATIONAL LIMITED,TELECOMMUNICATIONS & MEDIA,False
5129,MELATI,MELATI EHSAN HOLDINGS BHD,CONSTRUCTION,False
3778,MELEWAR,MELEWAR INDUSTRIAL GROUP BHD,INDUSTRIAL PRODUCTS & SERVICES,False
1694,MENANG,MENANG CORPORATION (M) BHD,PROPERTY,False
5223,MENTIGA,MENTIGA CORPORATION BHD,INDUSTRIAL PRODUCTS & SERVICES,False
8192,MERCURY,MERCURY INDUSTRIES BHD,CONSTRUCTION,False
5040,MERIDIAN,MERIDIAN BERHAD,PROPERTY,False
0285,MERSEC,MERCURY SECURITIES GROUP BERHAD,FINANCIAL SERVICES,False
7234,MESB,MESB BHD,CONSUMER PRODUCTS & SERVICES,False
0207,MESTRON,MESTRON HOLDINGS BERHAD,INDUSTRIAL PRODUCTS & SERVICES,False
6149,METROD,METROD HOLDINGS BERHAD,INDUSTRIAL PRODUCTS & SERVICES,False
3069,MFCB,MEGA FIRST CORPORATION BHD,UTILITIES,False
03015,MFGROUP,MANFORCE GROUP BERHAD,CONSUMER PRODUCTS & SERVICES,False
3662,MFLOUR,MALAYAN FLOUR MILLS BHD,CONSUMER PRODUCTS & SERVICES,False
7595,MGB,MGB BERHAD,CONSTRUCTION,False
0155,MGRC,MSIAN GENOMICS RES CENTRE BHD,HEALTH CARE,False
5186,MHB,MALAYSIA MARINE AND HEAVY ENG,ENERGY,False
5026,MHC,MHC PLANTATIONS BHD,PLANTATION,False
03005,MHCARE,METRO HEALTHCARE BERHAD,HEALTH CARE,False
5286,MI,MI TECHNOVATION BERHAD,TECHNOLOGY,False
0126,MICROLN,MICROLINK SOLUTIONS BHD,TECHNOLOGY,False
5001,MIECO,MIECO CHIPBOARD BHD,INDUSTRIAL PRODUCTS & SERVICES,False
0112,MIKROMB,MIKRO MSC BERHAD,TECHNOLOGY,False
7935,MILUX,MILUX CORPORATION BHD,CONSUMER PRODUCTS & SERVICES,False
7219,MINETEC,MINETECH RESOURCES BHD,INDUSTRIAL PRODUCTS & SERVICES,False
7219PA,MINETEC-PA,MINETECH RESOURCES BERHAD - ICPS 2021/2026,INDUSTRIAL PRODUCTS & SERVICES,False
7219PR,MINETEC-PR,MINETECH RESOURCES BERHAD - IRREDEEMABLE CONVERTIBLE PREFERENCE SHARES (ICPS) RIGHTS,INDUSTRIAL PRODUCTS & SERVICES,False
5576,MINHO,MINHO (M) BHD,INDUSTRIAL PRODUCTS & SERVICES,False
0288,MINOX,MINOX INTERNATIONAL GROUP BERHAD,INDUSTRIAL PRODUCTS & SERVICES,False
3816,MISC,MISC BHD,TRANSPORTATION & LOGISTICS,False
9571,MITRA,MITRAJAYA HOLDINGS BHD,CONSTRUCTION,False
8141,MJPERAK,MAJUPERAK HOLDINGS BHD,PROPERTY,False
6114,MKH,MKH BERHAD,PROPERTY,False
8893,MKLAND,MK LAND HOLDINGS BHD,PROPERTY,False
0085,MLAB,MLABS SYSTEMS BHD,TECHNOLOGY,False
0034,MMAG,MMAG HOLDINGS BERHAD,TECHNOLOGY,False
0034PA,MMAG-PA,MMAG HOLDINGS BERHAD - ICPS A 2017/2022,TECHNOLOGY,False
2194,MMCCORP,MMC CORPORATION BHD,TRANSPORTATION & LOGISTICS,False
03027,MMIS,MMIS BERHAD,INDUSTRIAL PRODUCTS & SERVICES,False
0159,MMM,MMM GROUP BERHAD,TELECOMMUNICATIONS & MEDIA,False
0113,MMSV,MMS VENTURES BHD,TECHNOLOGY,False
0103,MNC,M N C WIRELESS BERHAD,TELECOMMUNICATIONS & MEDIA,False
0103PA,MNC-PA,M N C WIRELESS BERHAD - ICPS 2019/2029,TELECOMMUNICATIONS & MEDIA,False
0245,MNHLDG,MN HOLDINGS BERHAD,CONSTRUCTION,False
6459,MNRB,MNRB HOLDINGS BHD,FINANCIAL SERVICES,False
0229,MOBILIA,MOBILIA HOLDINGS BERHAD,CONSUMER PRODUCTS & SERVICES,False
0156,MPAY,MANAGEPAY SYSTEMS BERHAD,TECHNOLOGY,False
6548,MPCORP,MALAYSIA PACIFIC CORP BHD,PROPERTY,False
5237,MPHBCAP,MPHB Capital Berhad,PROPERTY,False
3867,MPI,MALAYSIAN PACIFIC INDUSTRIES,TECHNOLOGY,False
7943,MPIRE,MPIRE GLOBAL BERHAD,CONSUMER PRODUCTS & SERVICES,False
03019,MPSOL,MATRIX PARKING SOLUTION HOLDINGS BERHAD,CONSUMER PRODUCTS & SERVICES,False
0070,MQTECH,MQ TECHNOLOGY BHD,TECHNOLOGY,False
1651,MRCB,MALAYSIAN RESOURCES CORPORATION BERHAD,PROPERTY,False
5296,MRDIY,MR D.I.Y. GROUP (M) BERHAD,CONSUMER PRODUCTS & SERVICES,False
5916,MSC,MALAYSIA SMELTING CORPORATION,INDUSTRIAL PRODUCTS & SERVICES,False
5202,MSM,MSM MALAYSIA HOLDINGS BERHAD,CONSUMER PRODUCTS & SERVICES,False
5011,MSNIAGA,MESINIAGA BHD,TECHNOLOGY,False
5316,MSTGOLF,MST GOLF GROUP BERHAD,CONSUMER PRODUCTS & SERVICES,False
0213,MTAG,MTAG GROUP BERHAD,INDUSTRIAL PRODUCTS & SERVICES,False
0295,MTEC,MASTER TEC GROUP BERHAD,INDUSTRIAL PRODUCTS & SERVICES,False
0092,MTOUCHE,MTOUCHE TECHNOLOGY BHD,TELECOMMUNICATIONS & MEDIA,False
0043,MTRONIC,METRONIC GLOBAL BHD,INDUSTRIAL PRODUCTS & SERVICES,False
0043OR,MTRONIC-OR,METRONIC GLOBAL BERHAD - ORDINARY RIGHTS,INDUSTRIAL PRODUCTS & SERVICES,False
3883,MUDA,MUDA HOLDINGS BHD,INDUSTRIAL PRODUCTS & SERVICES,False
5085,MUDAJYA,MUDAJAYA GROUP BHD,CONSTRUCTION,False
5085OR,MUDAJYA-OR,MUDAJAYA GROUP BERHAD - ORDINARY RIGHTS,CONSTRUCTION,False
9539,MUH,MULTI-USAGE HOLDINGS BHD,PROPERTY,False
5703,MUHIBAH,MUHIBBAH ENGINEERING (M) BHD,CONSTRUCTION,False
5703OR,MUHIBAH-OR,MUHIBBAH ENGINEERING (M) BHD - ORDINARY RIGHTS,CONSTRUCTION,False
3891,MUIIND,MALAYAN UNITED INDUSTRIES BHD,CONSUMER PRODUCTS & SERVICES,False
3913,MUIPROP,MUI PROPERTIES BHD,PROPERTY,False
3905,MULPHA,MULPHA INTERNATIONAL BHD,CONSUMER PRODUCTS & SERVICES,False
5087,MYCRON,MYCRON STEEL BHD,INDUSTRIAL PRODUCTS & SERVICES,False
0138,MYEG,MY E.G. SERVICES BHD,TECHNOLOGY,False
5275,MYNEWS,MYNEWS HOLDINGS BERHAD,CONSUMER PRODUCTS & SERVICES,False
7692,MYTECH,MYTECH GROUP BERHAD,INDUSTRIAL PRODUCTS & SERVICES,False
0108,N2N,N2N CONNECT BHD,TECHNOLOGY,False
0206,NADIBHD,GAGASAN NADI CERGAS BERHAD,CONSTRUCTION,False
5073,NAIM,NAIM HOLDINGS BHD,PROPERTY,False
0270,NATGATE,NATIONGATE HOLDINGS BERHAD,INDUSTRIAL PRODUCTS & SERVICES,False
9806,NATWIDE,NATIONWIDE EXPRESS HOLDINGS BERHAD,TRANSPORTATION & LOGISTICS,False
0056,NCT,NCT ALLIANCE BERHAD,PROPERTY,False
0235,NESTCON,NESTCON BERHAD,CONSTRUCTION,False
4707,NESTLE,NESTLE (M) BHD,CONSUMER PRODUCTS & SERVICES,False
0020,NETX,NETX HOLDINGS BHD,TECHNOLOGY,False
0096,NEXGRAM,NEXGRAM HOLDINGS BERHAD,TELECOMMUNICATIONS & MEDIA,False
7241,NGGB,NEXTGREEN GLOBAL BERHAD,INDUSTRIAL PRODUCTS & SERVICES,False
7060,NHFATT,NEW HOONG FATT HOLDINGS BHD,CONSUMER PRODUCTS & SERVICES,False
7139,NICE,NICHE CAPITAL EMAS HLDG BHD,CONSUMER PRODUCTS & SERVICES,False
7215,NIHSIN,NI HSIN GROUP BERHAD,CONSUMER PRODUCTS & SERVICES,False
7215PA,NIHSIN-PA,NI HSIN GROUP BERHAD - REDEEMABLE CONVERTIBLE PREFERENCE SHARES,CONSUMER PRODUCTS & SERVICES,False
0083,NOTION,NOTION VTEC BHD,TECHNOLOGY,False
0201,NOVA,NOVA WELLNESS GROUP BERHAD,HEALTH CARE,False
0026,NOVAMSC,NOVA MSC BHD,TECHNOLOGY,False
0026PA,NOVAMSC-PA,NOVA MSC BERHAD - ICPS A 2020/2025,TECHNOLOGY,False
03045,NP,NOVELPLUS TECHNOLOGY BERHAD,TECHNOLOGY,False
5047,NPC,NPC RESOURCES BHD,PLANTATION,False
03006,NPS,NOVA PHARMA SOLUTIONS BERHAD,HEALTH CARE,False
2038,NSOP,NEGRI SEMBILAN OIL PALMS BHD,PLANTATION,False
5066,NTPM,NTPM HOLDINGS BHD,CONSUMER PRODUCTS & SERVICES,False
4944,NYLEX,NYLEX (M) BHD,INDUSTRIAL PRODUCTS & SERVICES,False
5533,OCB,OCB BHD,CONSUMER PRODUCTS & SERVICES,False
0172,OCK,OCK GROUP BERHAD,TELECOMMUNICATIONS & MEDIA,False
0049,OCNCASH,OCEANCASH PACIFIC BHD,CONSUMER PRODUCTS & SERVICES,False
7071,OCR,OCR GROUP BERHAD,CONSTRUCTION,False
7107,OFI,ORIENTAL FOOD INDUSTRIES HLDG,CONSUMER PRODUCTS & SERVICES,False
5827,OIB,ORIENTAL INTEREST BHD,PROPERTY,False
7140,OKA,OKA CORPORATION BHD,INDUSTRIAL PRODUCTS & SERVICES,False
3018,OLYMPIA,OLYMPIA INDUSTRIES BHD,CONSUMER PRODUCTS & SERVICES,False
9008,OMESTI,OMESTI BHD,TECHNOLOGY,False
9008PB,OMESTI-PB,OMESTI BERHAD - REDEEMABLE PREFERENCE SHARES 2021/2026,TECHNOLOGY,False
5298,OMH,OM HOLDINGS LIMITED,INDUSTRIAL PRODUCTS & SERVICES,False
5079,ONEGLOVE,ONE GLOVE GROUP BERHAD,CONSUMER PRODUCTS & SERVICES,False
5079OR,ONEGLOVE-OR,ONE GLOVE GROUP BERHAD - ORDINARY RIGHTS,CONSUMER PRODUCTS & SERVICES,False
0040,OPENSYS,OPENSYS (M) BHD,TECHNOLOGY,False
0275,OPPSTAR,OPPSTAR BERHAD,TECHNOLOGY,False
0222,OPTIMAX,OPTIMAX HOLDINGS BERHAD,HEALTH CARE,False
0252,ORGABIO,ORGABIO HOLDINGS BERHAD,CONSUMER PRODUCTS & SERVICES,False
4006,ORIENT,ORIENTAL HOLDINGS BHD,CONSUMER PRODUCTS & SERVICES,False
5065,ORNA,ORNAPAPER BHD,INDUSTRIAL PRODUCTS & SERVICES,False
5053,OSK,OSK HOLDINGS BHD,PROPERTY,False
0053,OSKVI,OSK VENTURES INTERNATIONAL BHD,FINANCIAL SERVICES,False
0153,OVERSEA,OVERSEA ENTERPRISE BERHAD,CONSUMER PRODUCTS & SERVICES,False
0220,OVH,OCEAN VANTAGE HOLDINGS BERHAD,ENERGY,False
5260,OWG,ONLY WORLD GROUP HOLDINGS BERHAD,CONSUMER PRODUCTS & SERVICES,False
6009,P&O,PACIFIC & ORIENT BHD,FINANCIAL SERVICES,False
7225,PA,P.A. RESOURCES BHD,INDUSTRIAL PRODUCTS & SERVICES,False
7052,PADINI,PADINI HOLDINGS BHD,CONSUMER PRODUCTS & SERVICES,False
3719,PANAMY,PANASONIC MANUFACTURING MSIA,CONSUMER PRODUCTS & SERVICES,False
0290,PANDA,PANDA ECO SYSTEM BERHAD,TECHNOLOGY,False
8419,PANSAR,PANSAR BERHAD,INDUSTRIAL PRODUCTS & SERVICES,False
8419PA,PANSAR-PA,PANSAR BERHAD - REDEEMABLE CONVERTIBLE PREFERENCE SHARES 2021/2026,INDUSTRIAL PRODUCTS & SERVICES,False
5125,PANTECH,PANTECH GROUP HOLDINGS BHD,INDUSTRIAL PRODUCTS & SERVICES,False
5022,PAOS,PAOS HOLDINGS BHD,CONSUMER PRODUCTS & SERVICES,False
9407,PARAGON,PARAGON UNION BHD,CONSUMER PRODUCTS & SERVICES,False
1724,PARAMON,PARAMOUNT CORPORATION BHD,PROPERTY,False
5657,PARKSON,PARKSON HOLDINGS BHD,CONSUMER PRODUCTS & SERVICES,False
2682,PARKWD,PARKWOOD HOLDINGS BERHAD,PROPERTY,False
0022,PARLO,PARLO BERHAD,CONSUMER PRODUCTS & SERVICES,False
6912,PASDEC,PASDEC HOLDINGS BHD,PROPERTY,False
0177,PASUKGB,PASUKHAS GROUP BERHAD,INDUSTRIAL PRODUCTS & SERVICES,False
5212,PAVREIT,PAVILION REAL ESTATE INV TRUST,REAL ESTATE INVESTMENT TRUSTS,False
5041,PBA,PBA HOLDINGS BHD,UTILITIES,False
1295,PBBANK,PUBLIC BANK BHD,FINANCIAL SERVICES,False
6068,PCCS,PCCS GROUP BHD,CONSUMER PRODUCTS & SERVICES,False
5183,PCHEM,PETRONAS CHEMICALS GROUP BHD,INDUSTRIAL PRODUCTS & SERVICES,False
6254,PDZ,PDZ HOLDINGS BHD,TRANSPORTATION & LOGISTICS,False
6254OR,PDZ-OR,PDZ HOLDINGS BHD - ORDINARY RIGHTS,TRANSPORTATION & LOGISTICS,False
5622,PEB,PIMPINAN EHSAN BERHAD,CONSTRUCTION,False
5271,PECCA,PECCA GROUP BERHAD,INDUSTRIAL PRODUCTS & SERVICES,False
0233,PEKAT,PEKAT GROUP BERHAD,INDUSTRIAL PRODUCTS & SERVICES,False
5231,PELIKAN,PELIKAN INT.CORPORATION BHD,CONSUMER PRODUCTS & SERVICES,False
5133,PENERGY,PETRA ENERGY BHD,ENERGY,False
9997,PENSONI,PENSONIC HOLDINGS BHD,CONSUMER PRODUCTS & SERVICES,False
7160,PENTA,PENTAMASTER CORPORATION BHD,TECHNOLOGY,False
7108,PERDANA,PERDANA PETROLEUM BERHAD,ENERGY,False
7108PA,PERDANA-PA,PERDANA PETROLEUM BERHAD - REDEEMABLE CONVERTIBLE PREFERENCE SHARES 2019/2029,ENERGY,False
7080,PERMAJU,PERMAJU INDUSTRIES BHD,CONSUMER PRODUCTS & SERVICES,False
7080OR,PERMAJU-OR,PERMAJU INDUSTRIES BERHAD - ORDINARY RIGHTS,CONSUMER PRODUCTS & SERVICES,False
7080PA,PERMAJU-PA,PERMAJU INDUSTRIES BERHAD - ICPS 2020/2030,CONSUMER PRODUCTS & SERVICES,False
5436,PERSTIM,PSAHAAN SADUR TIMAH MSIA,INDUSTRIAL PRODUCTS & SERVICES,False
8532,PERTAMA,PERTAMA DIGITAL BERHAD,CONSUMER PRODUCTS & SERVICES,False
8311,PESONA,PESONA METRO HOLDINGS BHD,CONSTRUCTION,False
5219,PESTECH,PESTECH INTERNATIONAL BERHAD,INDUSTRIAL PRODUCTS & SERVICES,False
5681,PETDAG,PETRONAS DAGANGAN BHD,CONSUMER PRODUCTS & SERVICES,False
6033,PETGAS,PETRONAS GAS BHD,UTILITIES,False
3042,PETRONM,PETRON MALAYSIA REFINING & MARKETING BERHAD,ENERGY,False
0091,PGB,PROPEL GLOBAL BERHAD,ENERGY,False
8117,PGF,PGF CAPITAL BERHAD,INDUSTRIAL PRODUCTS & SERVICES,False
8117PA,PGF-PA,PGF CAPITAL BERHAD - ICPS 2022/2027,INDUSTRIAL PRODUCTS & SERVICES,False
8117PR,PGF-PR,PGF CAPITAL BERHAD - PREFERENCE RIGHTS,INDUSTRIAL PRODUCTS & SERVICES,False
3611,PGLOBE,PARAGON GLOBE BERHAD,PROPERTY,False
7081,PHARMA,PHARMANIAGA BHD,HEALTH CARE,False
4464,PHB,PEGASUS HEIGHTS BERHAD,PROPERTY,False
7201,PICORP,PROGRESSIVE IMPACT CORPORATION,INDUSTRIAL PRODUCTS & SERVICES,False
7095,PIE,P.I.E. INDUSTRIAL BHD,INDUSTRIAL PRODUCTS & SERVICES,False
0006,PINEAPP,PINEAPPLE RESOURCES BHD,TECHNOLOGY,False
1902,PINEPAC,PINEHILL PACIFIC BERHAD,PLANTATION,False
7163,PJBUMI,PJBUMI BHD,INDUSTRIAL PRODUCTS & SERVICES,False
0171,PLABS,PETERLABS HOLDINGS BHD,CONSUMER PRODUCTS & SERVICES,False
7055,PLB,PLB ENGINEERING BHD,PROPERTY,False
5075,PLENITU,PLENITUDE BHD,PROPERTY,False
5320,PLINTAS,PROLINTAS INFRA BUSINESS TRUST,,False
9695,PLS,PLS PLANTATIONS BERHAD,PLANTATION,False
0289,PLYTEC,PLYTEC HOLDING BERHAD,INDUSTRIAL PRODUCTS & SERVICES,False
7172,PMBTECH,PMB TECHNOLOGY BHD,INDUSTRIAL PRODUCTS & SERVICES,False
4081,PMCORP,PAN MALAYSIA CORPORATION BHD,CONSUMER PRODUCTS & SERVICES,False
8869,PMETAL,PRESS METAL ALUMINIUM HOLDINGS BERHAD,INDUSTRIAL PRODUCTS & SERVICES,False
1287,PMHLDG,PAN MALAYSIA HOLDINGS BHD,CONSUMER PRODUCTS & SERVICES,False
6637,PNEPCB,PNE PCB BHD,INDUSTRIAL PRODUCTS & SERVICES,False
5080,POHKONG,POH KONG HOLDINGS BHD,CONSUMER PRODUCTS & SERVICES,False
7088,POHUAT,POH HUAT RESOURCES HOLDINGS,CONSUMER PRODUCTS & SERVICES,False
03031,POLYDM,POLYDAMIC GROUP BERHAD,INDUSTRIAL PRODUCTS & SERVICES,False
4634,POS,POS MALAYSIA BHD,TRANSPORTATION & LOGISTICS,False
4065,PPB,PPB GROUP BHD,CONSUMER PRODUCTS & SERVICES,False
8273,PPHB,PUBLIC PACKAGES HOLDINGS BHD,INDUSTRIAL PRODUCTS & SERVICES,False
0242,PPJACK,PAPPAJACK BERHAD,FINANCIAL SERVICES,False
9873,PRESTAR,PRESTAR RESOURCES BHD,INDUSTRIAL PRODUCTS & SERVICES,False
7168,PRG,PRG HOLDINGS BERHAD,CONSUMER PRODUCTS & SERVICES,False
0123,PRIVA,PRIVASIA TECHNOLOGY BERHAD,TELECOMMUNICATIONS & MEDIA,False
8346,PRKCORP,PERAK CORPORATION BHD,TRANSPORTATION & LOGISTICS,False
5070,PRTASCO,PROTASCO BHD,CONSTRUCTION,False
9598,PTARAS,PINTARAS JAYA BHD,CONSTRUCTION,False
0186,PTRANS,PERAK TRANSIT BERHAD,CONSUMER PRODUCTS & SERVICES,False
0260,PTRB,PT RESOURCES HOLDINGS BERHAD,CONSUMER PRODUCTS & SERVICES,False
7010,PTT,PTT SYNERGY GROUP BERHAD,PROPERTY,False
0007,PUC,PUC BERHAD,TELECOMMUNICATIONS & MEDIA,False
6807,PUNCAK,PUNCAK NIAGA HOLDINGS BHD,CONSTRUCTION,False
7134,PWF,PWF CORPORATION BERHAD,CONSUMER PRODUCTS & SERVICES,False
7123,PWORTH,PRICEWORTH INTERNATIONAL BHD,INDUSTRIAL PRODUCTS & SERVICES,False
7237,PWROOT,POWER ROOT BERHAD,CONSUMER PRODUCTS & SERVICES,False
0217,PWRWELL,POWERWELL HOLDINGS BERHAD,INDUSTRIAL PRODUCTS & SERVICES,False
0196,QES,QES GROUP BERHAD,INDUSTRIAL PRODUCTS & SERVICES,False
7084,QL,QL RESOURCES BHD,CONSUMER PRODUCTS & SERVICES,False
7544,QUALITY,QUALITY CONCRETE HOLDINGS BHD,INDUSTRIAL PRODUCTS & SERVICES,False
5313,RADIUM,RADIUM DEVELOPMENT BERHAD,PROPERTY,False
7498,RALCO,RALCO CORPORATION BHD,INDUSTRIAL PRODUCTS & SERVICES,False
0236,RAMSSOL,RAMSSOL GROUP BERHAD,TECHNOLOGY,False
5272,RANHILL,RANHILL UTILITIES BERHAD,UTILITIES,False
7765,RAPID,RAPID SYNERGY BHD,PROPERTY,False
9296,RCECAP,RCE CAPITAL BHD,FINANCIAL SERVICES,False
5256,REACH,REACH ENERGY BHD,ENERGY,False
03002,REDIDEA,RED IDEAS HOLDINGS BERHAD,TECHNOLOGY,False
0032,REDTONE,REDTONE DIGITAL BERHAD,TELECOMMUNICATIONS & MEDIA,False
0081,REKATECH,REKATECH CAPITAL BERHAD,INDUSTRIAL PRODUCTS & SERVICES,False
7130,RENEUCO,RENEUCO BERHAD,CONSUMER PRODUCTS & SERVICES,False
7232,RESINTC,RESINTECH BHD,INDUSTRIAL PRODUCTS & SERVICES,False
0200,REVENUE,REVENUE GROUP BERHAD,TECHNOLOGY,False
9946,REX,REX INDUSTRY BHD,CONSUMER PRODUCTS & SERVICES,False
9946OR,REX-OR,REX INDUSTRY BERHAD - ORDINARY RIGHTS,CONSUMER PRODUCTS & SERVICES,False
0106,REXIT,REXIT BHD,TECHNOLOGY,False
0037,RGB,RGB INTERNATIONAL BHD,CONSUMER PRODUCTS & SERVICES,False
03052,RGS,RAY GO SOLAR HOLDINGS BERHAD,INDUSTRIAL PRODUCTS & SERVICES,False
9954,RGTBHD,RGT BERHAD,INDUSTRIAL PRODUCTS & SERVICES,False
0202,RGTECH,RADIANT GLOBALTECH BERHAD,TECHNOLOGY,False
1066,RHBBANK,RHB BANK BERHAD,FINANCIAL SERVICES,False
5278,RHONEMA,RHONE MA HOLDINGS BERHAD,CONSUMER PRODUCTS & SERVICES,False
7006,RKI,RHONG KHEN INTERNATIONAL BERHAD,CONSUMER PRODUCTS & SERVICES,False
0219,RL,RESERVOIR LINK ENERGY BHD,ENERGY,False
9741,ROHAS,ROHAS TECNIC BERHAD,INDUSTRIAL PRODUCTS & SERVICES,False
03036,RPLANET,REDPLANET BERHAD,TECHNOLOGY,False
5113,RSAWIT,RIMBUNAN SAWIT BHD,PLANTATION,False
5270,RSENA,RED SENA BERHAD,SPECIAL PURPOSE ACQUISITION COMPANY,False
03039,RTSTECH,RTS TECHNOLOGY HOLDINGS BERHAD,TECHNOLOGY,False
2542,RVIEW,RIVERVIEW RUBBER ESTATES BHD,PLANTATION,False
8745,S&FCAP,S & F CAPITAL BERHAD,INDUSTRIAL PRODUCTS & SERVICES,False
5134,SAB,SOUTHERN ACIDS (M) BHD,INDUSTRIAL PRODUCTS & SERVICES,False
03056,SAFETY,SAFETYWARE GROUP BERHAD,INDUSTRIAL PRODUCTS & SERVICES,False
8567,SALCON,SALCON BHD,UTILITIES,False
0183,SALUTE,SALUTICA BERHAD,CONSUMER PRODUCTS & SERVICES,False
9822,SAM,SAM ENGINEERING & EQUIPMENT,INDUSTRIAL PRODUCTS & SERVICES,False
9822OR,SAM-OR,SAM ENGINEERING & EQUIPMENT (M) BERHAD - ORDINARY RIGHTS,INDUSTRIAL PRODUCTS & SERVICES,False
0223,SAMAIDEN,SAMAIDEN GROUP BERHAD,INDUSTRIAL PRODUCTS & SERVICES,False
5147,SAMCHEM,SAMCHEM HOLDINGS BERHAD,INDUSTRIAL PRODUCTS & SERVICES,False
03057,SANCY,SANCY BERHAD,TECHNOLOGY,False
0133,SANICHI,SANICHI TECHNOLOGY BHD,INDUSTRIAL PRODUCTS & SERVICES,False
7811,SAPIND,SAPURA INDUSTRIAL BHD,INDUSTRIAL PRODUCTS & SERVICES,False
5218,SAPNRG,SAPURA ENERGY BERHAD,ENERGY,False
5218PA,SAPNRG-PA,SAPURA ENERGY BERHAD - RCPS-I A 2019/2024,ENERGY,False
4596,SAPRES,SAPURA RESOURCES BHD,PROPERTY,False
5252,SASBADI,SASBADI HOLDINGS BHD,TELECOMMUNICATIONS & MEDIA,False
5157,SAUDEE,SAUDEE GROUP BERHAD,CONSUMER PRODUCTS & SERVICES,False
2569,SBAGAN,SUNGEI BAGAN RUBBER CO (M) BHD,PLANTATION,False
5207,SBCCORP,SBC CORPORATION BHD,PROPERTY,False
0300,SBH,SBH MARINE HOLDINGS BERHAD,CONSUMER PRODUCTS & SERVICES,False
5170,SCABLE,SARAWAK CABLE BERHAD,INDUSTRIAL PRODUCTS & SERVICES,False
0109,SCBUILD,SC ESTATE BUILDER BERHAD,CONSTRUCTION,False
0109OR,SCBUILD-OR,SC ESTATE BUILDER BERHAD - ORDINARY RIGHTS,CONSTRUCTION,False
0158,SCC,SCC HOLDINGS BERHAD,CONSUMER PRODUCTS & SERVICES,False
0225,SCGBHD,SOUTHERN CABLE GROUP BERHAD,INDUSTRIAL PRODUCTS & SERVICES,False
7247,SCGM,SCGM BHD,INDUSTRIAL PRODUCTS & SERVICES,False
9237,SCIB,SARAWAK CONSOLIDATED IND BHD,INDUSTRIAL PRODUCTS & SERVICES,False
0099,SCICOM,SCICOM (MSC) BHD,INDUSTRIAL PRODUCTS & SERVICES,False
4731,SCIENTX,SCIENTEX BERHAD,INDUSTRIAL PRODUCTS & SERVICES,False
8125,SCIPACK,SCIENTEX PACKAGING (AYER KEROH) BERHAD,INDUSTRIAL PRODUCTS & SERVICES,False
7239,SCNWOLF,SCANWOLF CORPORATION BHD,INDUSTRIAL PRODUCTS & SERVICES,False
7158,SCOMI,SCOMI GROUP BHD,ENERGY,False
7045,SCOMIES,SCOMI ENERGY SERVICES BHD,ENERGY,False
0001,SCOMNET,SUPERCOMNET TECHNOLOGIES BHD,HEALTH CARE,False
0028,SCOPE,SCOPE INDUSTRIES BHD,INDUSTRIAL PRODUCTS & SERVICES,False
2224,SDRED,SELANGOR DREDGING BHD,PROPERTY,False
0212,SDS,SDS GROUP BERHAD,CONSUMER PRODUCTS & SERVICES,False
7073,SEACERA,SEACERA GROUP BERHAD,INDUSTRIAL PRODUCTS & SERVICES,False
4286,SEAL,SEAL INCORPORATED BHD,PROPERTY,False
5145,SEALINK,SEALINK INTERNATIONAL BHD,TRANSPORTATION & LOGISTICS,False
5163,SEB,SEREMBAN ENGINEERING BERHAD,INDUSTRIAL PRODUCTS & SERVICES,False
0178,SEDANIA,SEDANIA INNOVATOR BERHAD,TELECOMMUNICATIONS & MEDIA,False
7053,SEEHUP,SEE HUP CONSOLIDATED BHD,TRANSPORTATION & LOGISTICS,False
03009,SEERS,SEERS BERHAD,CONSUMER PRODUCTS & SERVICES,False
9792,SEG,SEG INTERNATIONAL BHD,CONSUMER PRODUCTS & SERVICES,False
5250,SEM,7-ELEVEN MALAYSIA HOLDINGS BERHAD,CONSUMER PRODUCTS & SERVICES,False
5205,SENDAI,EVERSENDAI CORPORATION BERHAD,CONSTRUCTION,False
5308,SENFONG,SENG FONG HOLDINGS BERHAD,INDUSTRIAL PRODUCTS & SERVICES,False
5305,SENHENG,SENHENG NEW RETAIL BERHAD,CONSUMER PRODUCTS & SERVICES,False
5123,SENTRAL,SENTRAL REIT,REAL ESTATE INVESTMENT TRUSTS,False
5279,SERBADK,SERBA DINAMIK HOLDINGS BERHAD,ENERGY,False
7180,SERNKOU,SERN KOU RESOURCES BHD,CONSUMER PRODUCTS & SERVICES,False
0055,SERSOL,SERSOL BERHAD,INDUSTRIAL PRODUCTS & SERVICES,False
0251,SFPTECH,SFP TECH HOLDINGS BERHAD,TECHNOLOGY,False
03033,SGBHD,SUPERGENICS BERHAD,INDUSTRIAL PRODUCTS & SERVICES,False
5517,SHANG,SHANGRI-LA HOTELS (M) BHD,CONSUMER PRODUCTS & SERVICES,False
4316,SHCHAN,SIN HENG CHAN (MALAYA) BHD,PLANTATION,False
7412,SHH,SHH RESOURCES HOLDINGS BHD,CONSUMER PRODUCTS & SERVICES,False
6017,SHL,SHL CONSOLIDATED BHD,PROPERTY,False
0241,SIAB,SIAB HOLDINGS BERHAD,CONSTRUCTION,False
7246,SIGN,SIGNATURE INTERNATIONAL BHD,CONSUMER PRODUCTS & SERVICES,False
4197,SIME,SIME DARBY BHD,CONSUMER PRODUCTS & SERVICES,False
5285,SIMEPLT,SIME DARBY PLANTATION BERHAD,PLANTATION,False
5288,SIMEPROP,SIME DARBY PROPERTY BERHAD,PROPERTY,False
5172,SINARAN,SINARAN ADVANCE GROUP BERHAD,CONSUMER PRODUCTS & SERVICES,False
9431,SJC,SENI JAYA CORPORATION BHD,TELECOMMUNICATIONS & MEDIA,False
7115,SKBSHUT,SKB SHUTTERS CORPORATION BHD,INDUSTRIAL PRODUCTS & SERVICES,False
03049,SKHAWK,STEEL HAWK BERHAD,ENERGY,False
7155,SKPRES,SKP RESOURCES BHD,INDUSTRIAL PRODUCTS & SERVICES,False
5315,SKYWLD,SKYWORLD DEVELOPMENT BERHAD,PROPERTY,False
03008,SLIC,SL INNOVATION CAPITAL BERHAD,TECHNOLOGY,False
7248,SLP,SLP RESOURCES BHD,INDUSTRIAL PRODUCTS & SERVICES,False
0215,SLVEST,SOLARVEST HOLDINGS BERHAD,INDUSTRIAL PRODUCTS & SERVICES,False
9776,SMCAP,SINMAH CAPITAL BERHAD,CONSUMER PRODUCTS & SERVICES,False
0203,SMETRIC,SECUREMETRIC BERHAD,TECHNOLOGY,False
4375,SMI,SOUTH MALAYSIA INDUSTRIES BHD,PROPERTY,False
03023,SMILE,SMILE-LINK HEALTHCARE GLOBAL BERHAD,HEALTH CARE,False
7132,SMISCOR,SMIS CORPORATION BHD,INDUSTRIAL PRODUCTS & SERVICES,False
0117,SMRT,SMRT HOLDINGS BERHAD,TECHNOLOGY,False
0169,SMTRACK,SMTRACK BERHAD,TECHNOLOGY,False
03054,SNOWFIT,SNOWFIT GROUP BERHAD,CONSUMER PRODUCTS & SERVICES,False
0259,SNS,SNS NETWORK TECHNOLOGY BERHAD,TECHNOLOGY,False
5213,SNTORIA,SENTORIA GROUP BERHAD,PROPERTY,False
5242,SOLID,SOLID AUTOMOTIVE BHD,CONSUMER PRODUCTS & SERVICES,False
0093,SOLUTN,SOLUTION GROUP BERHAD,TECHNOLOGY,False
5126,SOP,SARAWAK OIL PALMS BHD,PLANTATION,False
0216,SPRING,SPRING ART HOLDINGS BERHAD,CONSUMER PRODUCTS & SERVICES,False
7103,SPRITZER,SPRITZER BHD,CONSUMER PRODUCTS & SERVICES,False
8664,SPSETIA,SP SETIA BHD,PROPERTY,False
8664PA,SPSETIA-PA,S P SETIA BERHAD - ISLAMIC REDEEMABLE CONVERTIBLE PREFERENCE SHARES (RCPS-I),PROPERTY,False
8664PB,SPSETIA-PB,S P SETIA BERHAD - ISLAMIC REDEEMABLE CONVERTIBLE PREFERENCE SHARES B (RCPS-I B),PROPERTY,False
8664PC,SPSETIA-PC,S P SETIA BERHAD - ISLAMIC REDEEMABLE CONVERTIBLE PREFERENCE SHARES C (RCPS-I C),PROPERTY,False
8664PR,SPSETIA-PR,S P SETIA BERHAD - PREFERENCE RIGHTS,PROPERTY,False
1562,SPTOTO,SPORTS TOTO BERHAD,CONSUMER PRODUCTS & SERVICES,False
0129,SRIDGE,SILVER RIDGE HOLDINGS BHD,TELECOMMUNICATIONS & MEDIA,False
0045,SSB8,SOUTHERN SCORE BUILDERS BERHAD,CONSTRUCTION,False
0287,SSF,SSF HOME GROUP BERHAD,CONSUMER PRODUCTS & SERVICES,False
5665,SSTEEL,SOUTHERN STEEL BHD,INDUSTRIAL PRODUCTS & SERVICES,False
6084,STAR,STAR MEDIA GROUP BERHAD,TELECOMMUNICATIONS & MEDIA,False
0080,STRAITS,STRAITS ENERGY RESOURCES BERHAD,TRANSPORTATION & LOGISTICS,False
6904,SUBUR,SUBUR TIASA HOLDINGS BHD,INDUSTRIAL PRODUCTS & SERVICES,False
7207,SUCCESS,SUCCESS TRANSFORMER CORP BHD,INDUSTRIAL PRODUCTS & SERVICES,False
1201,SUMATEC,SUMATEC RESOURCES BHD,ENERGY,False
5263,SUNCON,SUNWAY CONSTRUCTION GROUP BERHAD,CONSTRUCTION,False
03050,SUNMOW,SUNMOW HOLDING BERHAD,CONSTRUCTION,False
5176,SUNREIT,SUNWAY REAL ESTATE INVT TRUST,REAL ESTATE INVESTMENT TRUSTS,False
3743,SUNSURIA,SUNSURIA BERHAD,PROPERTY,False
0262,SUNVIEW,SUNVIEW GROUP BERHAD,INDUSTRIAL PRODUCTS & SERVICES,False
5211,SUNWAY,SUNWAY BERHAD,INDUSTRIAL PRODUCTS & SERVICES,False
5211PA,SUNWAY-PA,SUNWAY BERHAD - IRREDEEMABLE CONVERTIBLE PREFERENCE SHARES 2020/2025,INDUSTRIAL PRODUCTS & SERVICES,False
0148,SUNZEN,SUNZEN BIOTECH BHD,CONSUMER PRODUCTS & SERVICES,False
7235,SUPERLN,SUPERLON HOLDINGS BHD,INDUSTRIAL PRODUCTS & SERVICES,False
7106,SUPERMX,SUPERMAX CORPORATION BHD,HEALTH CARE,False
03018,SUPREME,SUPREME CONSOLIDATED RESOURCES BERHAD,CONSUMER PRODUCTS & SERVICES,False
6521,SURIA,SURIA CAPITAL HOLDINGS BHD,TRANSPORTATION & LOGISTICS,False
5303,SWIFT,SWIFT HAULAGE BERHAD,TRANSPORTATION & LOGISTICS,False
5135,SWKPLNT,SARAWAK PLANTATION BHD,PLANTATION,False
7186,SWSCAP,SWS CAPITAL BERHAD,CONSUMER PRODUCTS & SERVICES,False
9717,SYCAL,SYCAL VENTURES BHD,CONSTRUCTION,False
7082OR,SYF-OR,SYF RESOURCES BERHAD - ORDINARY RIGHTS,CONSUMER PRODUCTS & SERVICES,False
5173,SYGROUP,SHIN YANG GROUP BERHAD,TRANSPORTATION & LOGISTICS,False
1538,SYMLIFE,SYMPHONY LIFE BERHAD,PROPERTY,False
0279,SYNERGY,SYNERGY HOUSE BERHAD,CONSUMER PRODUCTS & SERVICES,False
0050,SYSTECH,SYSTECH BHD,TECHNOLOGY,False
7228,T7GLOBAL,T7 GLOBAL BERHAD,ENERGY,False
5012,TAANN,TA ANN HOLDINGS BHD,PLANTATION,False
7211,TAFI,TAFI INDUSTRIES BHD,CONSUMER PRODUCTS & SERVICES,False
6139,TAKAFUL,SYARIKAT TAKAFUL MALAYSIA KELUARGA BERHAD,FINANCIAL SERVICES,False
2259,TALAMT,TALAM TRANSFORM BERHAD,PROPERTY,False
8524,TALIWRK,TALIWORKS CORPORATION BHD,UTILITIES,False
5191,TAMBUN,TAMBUN INDAH LAND BERHAD,PROPERTY,False
2429,TANCO,TANCO HOLDINGS BHD,PROPERTY,False
5149,TAS,TAS OFFSHORE BERHAD,TRANSPORTATION & LOGISTICS,False
5140,TASCO,TASCO BERHAD,TRANSPORTATION & LOGISTICS,False
0211,TASHIN,TASHIN HOLDINGS BERHAD,INDUSTRIAL PRODUCTS & SERVICES,False
7097,TAWIN,TA WIN HOLDINGS BHD,INDUSTRIAL PRODUCTS & SERVICES,False
7097PA,TAWIN-PA,TA WIN HOLDINGS BERHAD - IRREDEEMABLE CONVERTIBLE PREFERENCE SHARES 2019/2024,INDUSTRIAL PRODUCTS & SERVICES,False
4405,TCHONG,TAN CHONG MOTOR HOLDINGS BHD,CONSUMER PRODUCTS & SERVICES,False
0221,TCS,TCS GROUP HOLDINGS BERHAD,CONSTRUCTION,False
0132,TDEX,TECHNODEX BHD,TECHNOLOGY,False
2054,TDM,TDM BHD,PLANTATION,False
7439,TECGUAN,TECK GUAN PERDANA BHD,CONSUMER PRODUCTS & SERVICES,False
8966,TECHBASE,TECHBASE INDUSTRIES BERHAD,CONSUMER PRODUCTS & SERVICES,False
5289,TECHBND,TECHBOND GROUP BERHAD,INDUSTRIAL PRODUCTS & SERVICES,False
2739,TECHNAX,TECHNA-X BERHAD,ENERGY,False
7200,TEKSENG,TEK SENG HOLDINGS BHD,CONSUMER PRODUCTS & SERVICES,False
0230,TELADAN,TELADAN GROUP BERHAD,PROPERTY,False
5347,TENAGA,TENAGA NASIONAL BHD,UTILITIES,False
7252,TEOSENG,TEO SENG CAPITAL BHD,CONSUMER PRODUCTS & SERVICES,False
8702,TEXCHEM,TEXCHEM RESOURCES BHD,INDUSTRIAL PRODUCTS & SERVICES,False
0089,TEXCYCL,TEX CYCLE TECHNOLOGY (M) BHD,INDUSTRIAL PRODUCTS & SERVICES,False
0145,TFP,TFP SOLUTIONS BHD,TECHNOLOGY,False
9369,TGL,TEO GUAN LEE CORPORATION BHD,CONSUMER PRODUCTS & SERVICES,False
7034,TGUAN,THONG GUAN INDUSTRIES BHD,INDUSTRIAL PRODUCTS & SERVICES,False
9075,THETA,THETA EDGE BERHAD,TECHNOLOGY,False
7206,THHEAVY,TH HEAVY ENGINEERING BERHAD,ENERGY,False
5112,THPLANT,TH PLANTATIONS BHD,PLANTATION,False
7889,THRIVEN,THRIVEN GLOBAL BERHAD,PROPERTY,False
7374,TIENWAH,TIEN WAH PRESS HOLDINGS BHD,INDUSTRIAL PRODUCTS & SERVICES,False
7079OR,TIGER-OR,TIGER SYNERGY BERHAD-ORDINARY RIGHTS,PROPERTY,False
5031,TIMECOM,TIME DOTCOM BHD,TELECOMMUNICATIONS & MEDIA,False
7854,TIMWELL,TIMBERWELL BHD,INDUSTRIAL PRODUCTS & SERVICES,False
5239,TITIJYA,TITIJAYA LAND BERHAD,PROPERTY,False
5239PA,TITIJYA-PA,TITIJAYA LAND BERHAD - ICPS 2017/2022,PROPERTY,False
5297,TJSETIA,TUJU SETIA BERHAD,CONSTRUCTION,False
4863,TM,TELEKOM MALAYSIA BHD,TELECOMMUNICATIONS & MEDIA,False
0101,TMCLIFE,TMC LIFE SCIENCES BHD,HEALTH CARE,False
8397,TNLOGIS,TIONG NAM LOGISTICS HOLDINGS,TRANSPORTATION & LOGISTICS,False
7218,TOCEAN,TRANSOCEAN HOLDINGS BHD,TRANSPORTATION & LOGISTICS,False
7230,TOMEI,TOMEI CONSOLIDATED BHD,CONSUMER PRODUCTS & SERVICES,False
7285,TOMYPAK,TOMYPAK HOLDINGS BHD,INDUSTRIAL PRODUCTS & SERVICES,False
5010,TONGHER,TONG HERR RESOURCES BHD,INDUSTRIAL PRODUCTS & SERVICES,False
5268,TOPBLDS,TOP BUILDERS CAPITAL BERHAD,CONSTRUCTION,False
7113,TOPGLOV,TOP GLOVE CORPORATION BHD,HEALTH CARE,False
03013,TOPVISN,TOPVISION EYE SPECIALIST BERHAD,HEALTH CARE,False
7173,TOYOVEN,TOYO VENTURES HOLDINGS BERHAD,INDUSTRIAL PRODUCTS & SERVICES,False
7176,TPC,TPC PLUS BHD,CONSUMER PRODUCTS & SERVICES,False
5054,TRC,TRC SYNERGY BHD,CONSTRUCTION,False
0199,TRIMODE,TRI-MODE SYSTEM (M) BERHAD,TRANSPORTATION & LOGISTICS,False
0118,TRIVE,TRIVE PROPERTY GROUP BERHAD,TECHNOLOGY,False
5401,TROP,TROPICANA CORPORATION BERHAD,PROPERTY,False
0297,TSA,TSA GROUP BERHAD,INDUSTRIAL PRODUCTS & SERVICES,False
9059,TSH,TSH RESOURCES BHD,PLANTATION,False
5042,TSRCAP,TSR CAPITAL BHD,CONSTRUCTION,False
03020,TTV,TT VISION HOLDINGS BERHAD,TECHNOLOGY,False
0272,TTVHB,TT VISION HOLDINGS BERHAD,TECHNOLOGY,False
5230,TUNEPRO,TUNE PROTECT GROUP BERHAD,FINANCIAL SERVICES,False
5167,TURBO,TURBO-MECH BERHAD,INDUSTRIAL PRODUCTS & SERVICES,False
4359,TURIYA,TURIYA BHD,TECHNOLOGY,False
7079,TWL,TWL HOLDINGS BERHAD,PROPERTY,False
5111,TWRREIT,TOWER REITS,REAL ESTATE INVESTMENT TRUSTS,False
7100,UCHITEC,UCHI TECHNOLOGIES BHD,INDUSTRIAL PRODUCTS & SERVICES,False
0005,UCREST,UCREST BERHAD,TECHNOLOGY,False
5148,UEMS,UEM SUNRISE BERHAD,PROPERTY,False
7133,ULICORP,UNITED U-LI CORPORATION BHD,INDUSTRIAL PRODUCTS & SERVICES,False
0256,UMC,UMEDIC GROUP BERHAD,HEALTH CARE,False
2593,UMCCA,UNITED MALACCA BHD,PLANTATION,False
7137,UMS,UMS HOLDINGS BHD,INDUSTRIAL PRODUCTS & SERVICES,False
7227,UMSNGB,UMS-NEIKEN GROUP BHD,INDUSTRIAL PRODUCTS & SERVICES,False
4588,UMW,UMW HOLDINGS BHD,CONSUMER PRODUCTS & SERVICES,False
7091,UNIMECH,UNIMECH GROUP BHD,INDUSTRIAL PRODUCTS & SERVICES,False
0257,UNIQUE,UNIQUE FIRE HOLDINGS BERHAD,INDUSTRIAL PRODUCTS & SERVICES,False
5005,UNISEM,UNISEM (M) BHD,TECHNOLOGY,False
0247,UNITRAD,UNITRADE INDUSTRIES BERHAD,INDUSTRIAL PRODUCTS & SERVICES,False
03017,UNIWALL,UNI WALL APS HOLDINGS BERHAD,CONSTRUCTION,False
5200,UOADEV,UOA DEVELOPMENT BERHAD,PROPERTY,False
5110,UOAREIT,UOA REITS,REAL ESTATE INVESTMENT TRUSTS,False
7757,UPA,UPA CORPORATION BHD,CONSUMER PRODUCTS & SERVICES,False
03043,UTAMA,UCI RESOURCES BERHAD,INDUSTRIAL PRODUCTS & SERVICES,False
2089,UTDPLT,UNITED PLANTATIONS BHD,PLANTATION,False
5292,UWC,UWC BERHAD,TECHNOLOGY,False
7250,UZMA,UZMA BHD,ENERGY,False
5006,VARIA,VARIA BERHAD,CONSTRUCTION,False
5243,VELESTO,VELESTO ENERGY BERHAD,ENERGY,False
7165,VELOCITY,VELOCITY CAPITAL PARTNER BERHAD,INDUSTRIAL PRODUCTS & SERVICES,False
4995,VERSATL,VERSATILE CREATIVE BHD,INDUSTRIAL PRODUCTS & SERVICES,False
0069,VINVEST,VINVEST CAPITAL HOLDINGS BERHAD,TECHNOLOGY,False
0120,VIS,VISDYNAMICS HOLDINGS BHD,TECHNOLOGY,False
0097,VITROX,VITROX CORPORATION BHD,TECHNOLOGY,False
7070,VIZIONE,VIZIONE HOLDINGS BERHAD,CONSTRUCTION,False
7070OR,VIZIONE-OR,VIZIONE HOLDINGS BERHAD - ORDINARY RIGHTS,CONSTRUCTION,False
0273,VLB,VESTLAND BERHAD,CONSTRUCTION,False
0232,VOLCANO,VOLCANO BERHAD,INDUSTRIAL PRODUCTS & SERVICES,False
6963,VS,V.S INDUSTRY BHD,INDUSTRIAL PRODUCTS & SERVICES,False
0066,VSOLAR,VSOLAR GROUP BERHAD,TECHNOLOGY,False
5162,VSTECS,VSTECS BERHAD,TECHNOLOGY,False
0102,WAJA,WAJA KONSORTIUM BERHAD,INDUSTRIAL PRODUCTS & SERVICES,False
7203,WANGZNG,WANG-ZHENG BHD,CONSUMER PRODUCTS & SERVICES,False
5016,WARISAN,WARISAN TC HOLDINGS BHD,CONSUMER PRODUCTS & SERVICES,False
5142,WASCO,WASCO BERHAD,ENERGY,False
7226,WATTA,WATTA HOLDING BHD,INDUSTRIAL PRODUCTS & SERVICES,False
3565,WCEHB,WCE HOLDINGS BERHAD,CONSTRUCTION,False
3565PA,WCEHB-PA,WCE HOLDINGS BERHAD - REDEEMABLE CONVERTIBLE PREFERENCE SHARES A,CONSTRUCTION,False
9679,WCT,WCT HOLDINGS BERHAD,CONSTRUCTION,False
0197,WEGMANS,WEGMANS HOLDINGS BERHAD,CONSUMER PRODUCTS & SERVICES,False
7231,WELLCAL,WELLCALL HOLDINGS BHD,INDUSTRIAL PRODUCTS & SERVICES,False
0271,WELLS,WELLSPIRE HOLDINGS BERHAD,CONSUMER PRODUCTS & SERVICES,False
0298,WENTEL,WENTEL ENGINEERING HOLDINGS BERHAD,INDUSTRIAL PRODUCTS & SERVICES,False
0162,WIDAD,WIDAD GROUP BERHAD,CONSTRUCTION,False
0008,WILLOW,WILLOWGLEN MSC BHD,TECHNOLOGY,False
6378,WMG,WMG HOLDINGS BERHAD,PROPERTY,False
7050,WONG,WONG ENGINEERING CORPORATION,INDUSTRIAL PRODUCTS & SERVICES,False
7025,WOODLAN,WOODLANDOR HOLDINGS BHD,INDUSTRIAL PRODUCTS & SERVICES,False
5246,WPRTS,WESTPORTS HOLDINGS BERHAD,TRANSPORTATION & LOGISTICS,False
5009,WTHORSE,WHITE HORSE BHD,INDUSTRIAL PRODUCTS & SERVICES,False
4243,WTK,WTK HOLDINGS BHD,INDUSTRIAL PRODUCTS & SERVICES,False
5156,XDL,XIDELANG HOLDINGS LTD,CONSUMER PRODUCTS & SERVICES,False
5267,XINHWA,XIN HWA HOLDINGS BERHAD,TRANSPORTATION & LOGISTICS,False
7121,XL,XL HOLDINGS BERHAD,CONSUMER PRODUCTS & SERVICES,False
0165,XOX,XOX BHD,TELECOMMUNICATIONS & MEDIA,False
0165PA,XOX-PA,XOX BHD - ICPS A 2020/2030,TELECOMMUNICATIONS & MEDIA,False
0140,XOXNET,XOX NETWORKS BERHAD,CONSUMER PRODUCTS & SERVICES,False
0017,XOXTECH,XOX TECHNOLOGY BERHAD,TELECOMMUNICATIONS & MEDIA,False
7003,Y&G,Y&G CORPORATION BHD,PROPERTY,False
5048,YB,YB VENTURES BERHAD,INDUSTRIAL PRODUCTS & SERVICES,False
0025,YBS,YBS INTERNATIONAL BERHAD,INDUSTRIAL PRODUCTS & SERVICES,False
5300,YENHER,YENHER HOLDINGS BERHAD,CONSUMER PRODUCTS & SERVICES,False
0248,YEWLEE,YEW LEE PACIFIC GROUP BERHAD,INDUSTRIAL PRODUCTS & SERVICES,False
0086,YGL,YGL CONVERGENCE BHD,TECHNOLOGY,False
7293,YINSON,YINSON HOLDINGS BHD,ENERGY,False
7293OR,YINSON-OR,YINSON HOLDINGS BERHAD - ORDINARY RIGHTS,ENERGY,False
7014,YLI,YLI HOLDINGS BHD,INDUSTRIAL PRODUCTS & SERVICES,False
3158,YNHPROP,YNH PROPERTY BHD,PROPERTY,False
5159,YOCB,YOONG ONN CORPORATION BERHAD,CONSUMER PRODUCTS & SERVICES,False
7066,YONGTAI,YONG TAI BHD,PROPERTY,False
7066PA,YONGTAI-PA,YONG TAI BERHAD - ICPS 2016/2026,PROPERTY,False
7178,YSPSAH,Y.S.P.SOUTHEAST ASIA HOLDING,HEALTH CARE,False
4677,YTL,YTL CORPORATION BHD,UTILITIES,False
6742,YTLPOWR,YTL POWER INTERNATIONAL BHD,UTILITIES,False
5109,YTLREIT,YTL HOSPITALITY REIT,REAL ESTATE INVESTMENT TRUSTS,False
0250,YXPM,YX PRECIOUS METALS BHD,CONSUMER PRODUCTS & SERVICES,False
0301,ZANTAT,ZANTAT HOLDINGS BERHAD,INDUSTRIAL PRODUCTS & SERVICES,False
7028,ZECON,ZECON BHD,CONSTRUCTION,False
2283,ZELAN,ZELAN BHD,CONSTRUCTION,False
0094,ZENTECH,ZEN TECH INTERNATIONAL BERHAD,TECHNOLOGY,False
5131,ZHULIAN,ZHULIAN CORPORATION BHD,CONSUMER PRODUCTS & SERVICES,False
03010,ZWORLD,ZENWORLD HOLDINGS BERHAD,TELECOMMUNICATIONS & MEDIA,False
