stock_full_name,stock_name,stock_code,is_shariah,category
AIRASIA X BERHAD,AAX,5238,True,"Travel, Leisure & Hospitality"
CARLSBERG BREWERY MALAYSIA BHD,CARLSBG,2836,False,Food & Beverages
EPICON BERHAD,EPICON,4847,True,"Travel, Leisure & Hospitality"
NESTLE (MALAYSIA) BERHAD,NESTLE,4707,True,Food & Beverages
HEINEKEN MALAYSIA BERHAD,HEIM,3255,False,Food & Beverages
7-ELEVEN MALAYSIA HOLDINGS BERHAD,SEM,5250,False,Retailers
UCHI TECHNOLOGIES BERHAD,UCHITEC,7100,True,"Industrial Materials, Components & Equipment"
TOMYPAK HOLDINGS BERHAD,TOMYPAK,7285,False,Packaging Materials
TIME DOTCOM BERHAD,TIMECOM,5031,True,Telecommunications Service Providers
PARAGON UNION BERHAD,PARAGON,9407,True,Houshold Goods
MARINE & GENERAL BERHAD,M&G,5078,True,Transportation & Logistics Services
BRITISH AMERICAN TOBACCO (MALAYSIA) BERHAD,BAT,4162,False,Personal Goods
BINASTRA CORPORATION BERHAD,BNASTRA,7195,True,"Industrial Materials, Components & Equipment"
BERMAZ AUTO BERHAD,BAUTO,5248,True,Automotive
WELLCALL HOLDINGS BHD,WELLCAL,7231,True,"Industrial Materials, Components & Equipment"
ZELAN BHD,ZELAN,2283,True,Construction
APEX HEALTHCARE BERHAD,AHEALTH,7090,True,Pharmaceuticals
E.A.TECHNIQUE (M) BERHAD,EATECH,5259,True,Transportation & Logistics Services
AHMAD ZAKI RESOURCES BHD,AZRB,7078,True,Construction
TPC PLUS BHD,TPC,7176,True,Agricultural Products
AMWAY (M) HOLDINGS BHD,AMWAY,6351,True,Retailers
HUME CEMENT INDUSTRIES BERHAD,HUMEIND,5000,False,Building Materials
MR D.I.Y. GROUP (M) BERHAD,MRDIY,5296,True,Retailers
TEO SENG CAPITAL BHD,TEOSENG,7252,False,Agricultural Products
BURSA MALAYSIA BERHAD,BURSA,1818,True,Other Financials
CYBERJAYA EDUCATION GROUP BERHAD,CYBERE,5166,True,Consumer Services
KELINGTON GROUP BERHAD,KGB,0151,True,Industrial Engineering
HUP SENG INDUSTRIES BHD,HUPSENG,5024,True,Food & Beverages
GAS MALAYSIA BERHAD,GASMSIA,5209,True,"Gas, Water & Multi-Utilities"
GOLDEN PHAROS BHD,GPHAROS,5649,True,Wood & Wood Products
FOCUS POINT HOLDINGS BERHAD,FOCUSP,0157,True,Personal Goods
SCICOM (MSC) BHD,SCICOM,0099,False,Industrial Services
SDS GROUP BERHAD,SDS,0212,True,Food & Beverages
UNITED PLANTATIONS BERHAD,UTDPLT,2089,True,Plantation
DXN HOLDINGS BHD.,DXN,5318,True,Retailers
WESTPORTS HOLDINGS BERHAD,WPRTS,5246,True,Transportation & Logistics Services
MY E.G. SERVICES BERHAD,MYEG,0138,True,Digital Services
FORMOSA PROSONIC INDUSTRIES,FPI,9172,True,Houshold Goods
APOLLO FOOD HOLDINGS BHD,APOLLO,6432,True,Food & Beverages
TAS OFFSHORE BERHAD,TAS,5149,True,Transportation Equipment
YLI HOLDINGS BERHAD,YLI,7014,True,Metals
DATASONIC GROUP BERHAD,DSONIC,5216,True,Digital Services
SYARIKAT TAKAFUL MALAYSIA KELUARGA BERHAD,TAKAFUL,6139,True,Insurance
GREATECH TECHNOLOGY BERHAD,GREATEC,0208,True,Technology Equipment
TELEKOM MALAYSIA BERHAD,TM,4863,True,Telecommunications Service Providers
KOTRA INDUSTRIES BERHAD,KOTRA,0002,True,Pharmaceuticals
HEXTAR GLOBAL BERHAD,HEXTAR,5151,True,Chemicals
PECCA GROUP BERHAD,PECCA,5271,True,Auto Parts
OPTIMAX HOLDINGS BERHAD,OPTIMAX,0222,True,Health Care Providers
CTOS DIGITAL BERHAD,CTOS,5301,True,Digital Services
SIME DARBY BERHAD,SIME,4197,True,Automotive
CCK CONSOLIDATED HOLDINGS BERHAD,CCK,7035,True,Food & Beverages
SENI JAYA CORPORATION BERHAD,SJC,9431,True,Media
ITMAX SYSTEM BERHAD,ITMAX,5309,True,Digital Services
YTL POWER INTERNATIONAL BHD,YTLPOWR,6742,False,"Gas, Water & Multi-Utilities"
C.I. HOLDINGS BERHAD,CIHLDG,2828,True,Food & Beverages
LTKM BERHAD,LTKM,7085,True,Agricultural Products
RCE CAPITAL BERHAD,RCECAP,9296,True,Other Financials
SKYWORLD DEVELOPMENT BERHAD,SKYWLD,5315,True,Property
PRESS METAL ALUMINIUM HOLDINGS BERHAD,PMETAL,8869,True,Metals
SUNWAY CONSTRUCTION GROUP BERHAD,SUNCON,5263,True,Construction
MAXIS BERHAD,MAXIS,6012,True,Telecommunications Service Providers
LEE SWEE KIAT GROUP BERHAD,LEESK,8079,True,Houshold Goods
FRONTKEN CORPORATION BERHAD,FRONTKN,0128,True,Semiconductors
INNOPRISE PLANTATIONS BERHAD,INNO,6262,True,Plantation
SENG FONG HOLDINGS BERHAD,SENFONG,5308,True,Industrial Services
KIM LOONG RESOURCES BERHAD,KMLOONG,5027,True,Plantation
YINSON HOLDINGS BERHAD,YINSON,7293,False,"Energy, Infrastructure, Equipment & Services"
PADINI HOLDINGS BERHAD,PADINI,7052,True,Retailers
DUTCH LADY MILK INDUSTRIES BERHAD,DLADY,3026,True,Food & Beverages
PETRONAS DAGANGAN BHD,PETDAG,5681,True,Retailers
SPORTS TOTO BERHAD,SPTOTO,1562,False,"Travel, Leisure & Hospitality"
AEON CREDIT SERVICE (M) BERHAD,AEONCR,5139,False,Other Financials
CAB CAKARAN CORPORATION BERHAD,CAB,7174,True,Agricultural Products
HIBISCUS PETROLEUM BERHAD,HIBISCS,5199,True,Oil & Gas Producers
MBM RESOURCES BHD,MBMR,5983,True,Automotive
WASCO BERHAD,WASCO,5142,True,"Energy, Infrastructure, Equipment & Services"
REDTONE DIGITAL BERHAD,REDTONE,0032,True,Telecommunications Service Providers
MASTER-PACK GROUP BERHAD,MASTER,7029,True,Packaging Materials
HARRISONS HOLDINGS (M) BHD,HARISON,5008,False,Food & Beverages
VSTECS BERHAD,VSTECS,5162,True,Technology Equipment
POWER ROOT BERHAD,PWROOT,7237,True,Food & Beverages
HONG LEONG INDUSTRIES BERHAD,HLIND,3301,True,Automotive
LAY HONG BERHAD,LAYHONG,9385,True,Agricultural Products
FRASER & NEAVE HOLDINGS BHD,F&N,3689,True,Food & Beverages
ALLIANZ MALAYSIA BERHAD,ALLIANZ,1163,False,Insurance
QL RESOURCES BERHAD,QL,7084,True,Agricultural Products
ANCOM NYLEX BERHAD,ANCOMNY,4758,True,Chemicals
SCIENTEX BERHAD,SCIENTX,4731,True,Packaging Materials
ASIA MEDIA GROUP BERHAD,AMEDIA,0159,True,Media
RGB INTERNATIONAL BHD,RGB,0037,False,"Travel, Leisure & Hospitality"
LAGENDA PROPERTIES BERHAD,LAGENDA,7179,True,Property
OPENSYS (M) BERHAD,OPENSYS,0040,False,Software
LPI CAPITAL BHD,LPI,8621,False,Insurance
MAGNI-TECH INDUSTRIES BHD,MAGNI,7087,True,Personal Goods
PAN MALAYSIA CORPORATION BERHAD,PMCORP,4081,False,"Travel, Leisure & Hospitality"
MCE HOLDINGS BERHAD,MCEHLDG,7004,True,Auto Parts
LEONG HUP INTERNATIONAL BERHAD,LHI,6633,False,Agricultural Products
INTA BINA GROUP BERHAD,INTA,0192,True,Construction
PETRONAS GAS BERHAD,PETGAS,6033,True,"Gas, Water & Multi-Utilities"
VITROX CORPORATION BERHAD,VITROX,0097,True,Semiconductors
BP PLASTICS HOLDING BHD,BPPLAS,5100,True,Packaging Materials
DAYANG ENTERPRISE HOLDINGS BERHAD,DAYANG,5141,True,"Energy, Infrastructure, Equipment & Services"
KINERGY ADVANCEMENT BERHAD,KAB,0193,True,Industrial Engineering
YTL CORPORATION BERHAD,YTL,4677,False,"Gas, Water & Multi-Utilities"
SOLARVEST HOLDINGS BERHAD,SLVEST,0215,True,Industrial Services
PETRA ENERGY BHD,PENERGY,5133,True,"Energy, Infrastructure, Equipment & Services"
HARBOUR-LINK GROUP BERHAD,HARBOUR,2062,True,Transportation & Logistics Services
IGB REAL ESTATE INVESTMENT TRUST,IGBREIT,5227,False,Real Estate Investment Trusts
PENTAMASTER CORPORATION BERHAD,PENTA,7160,True,Technology Equipment
PWF CORPORATION BERHAD,PWF,7134,True,Agricultural Products
SIGNATURE INTERNATIONAL BERHAD,SIGN,7246,True,Houshold Goods
AME ELITE CONSORTIUM BERHAD,AME,5293,True,Construction
ECM LIBRA GROUP BERHAD,ECM,2143,False,Other Financials
ORIENTAL FOOD INDUSTRIES HOLDINGS BERHAD,OFI,7107,True,Food & Beverages
AME REAL ESTATE INVESTMENT TRUST,AMEREIT,5307,True,Real Estate Investment Trusts
DKSH HOLDINGS(M)BHD,DKSH,5908,True,Consumer Services
PUBLIC PACKAGES HOLDINGS BHD,PPHB,8273,True,Packaging Materials
P.I.E. INDUSTRIAL BHD,PIE,7095,True,"Industrial Materials, Components & Equipment"
KUMPULAN KITACON BERHAD,KITACON,5310,True,Construction
JAYA TIASA HOLDINGS BHD,JTIASA,4383,True,Plantation
PUBLIC BANK BERHAD,PBBANK,1295,False,Banking
MEGA FIRST CORPORATION BERHAD,MFCB,3069,True,Electricity
KRETAM HOLDINGS BERHAD,KRETAM,1996,True,Plantation
CHIN HIN GROUP BERHAD,CHINHIN,5273,True,Building Materials
KYM HOLDINGS BERHAD,KYM,8362,True,Packaging Materials
MOBILIA HOLDINGS BERHAD,MOBILIA,0229,True,Houshold Goods
ABLE GLOBAL BERHAD,ABLEGLOB,7167,True,Food & Beverages
CARIMIN PETROLEUM BERHAD,CARIMIN,5257,True,"Energy, Infrastructure, Equipment & Services"
MATRIX CONCEPTS HOLDINGS BERHAD,MATRIX,5236,True,Property
THETA EDGE BERHAD,THETA,9075,True,Digital Services
TOMEI CONSOLIDATED BERHAD,TOMEI,7230,True,Retailers
AURELIUS TECHNOLOGIES BERHAD,ATECH,5302,True,"Industrial Materials, Components & Equipment"
SKB SHUTTERS CORPORATION BERHAD,SKBSHUT,7115,True,Building Materials
KERJAYA PROSPEK GROUP BERHAD,KERJAYA,7161,True,Construction
BM GREENTECH BERHAD,BMGREEN,0168,True,"Industrial Materials, Components & Equipment"
PANTECH GROUP HOLDINGS BERHAD,PANTECH,5125,True,Metals
AJIYA BERHAD,AJIYA,7609,True,Building Materials
MALAYSIA SMELTING CORPORATION BERHAD,MSC,5916,True,Metals
PETRON MALAYSIA REFINING & MARKETING BERHAD,PETRONM,3042,True,Oil & Gas Producers
YOONG ONN CORPORATION BERHAD,YOCB,5159,True,Houshold Goods
INARI AMERTRON BERHAD,INARI,0166,True,Semiconductors
NOVA WELLNESS GROUP BERHAD,NOVA,0201,True,Pharmaceuticals
DELEUM BERHAD,DELEUM,5132,True,"Energy, Infrastructure, Equipment & Services"
UNITED U-LI CORPORATION BHD,ULICORP,7133,True,"Industrial Materials, Components & Equipment"
KSL HOLDINGS BHD,KSL,5038,True,Property
KPJ HEALTHCARE BERHAD,KPJ,5878,True,Health Care Providers
SHIN YANG GROUP BERHAD,SYGROUP,5173,True,Transportation & Logistics Services
FCW HOLDINGS BHD,FCW,2755,False,Houshold Goods
ORIENTAL INTEREST BERHAD,OIB,5827,True,Property
TSR CAPITAL BHD,TSRCAP,5042,True,Construction
TASCO BERHAD,TASCO,5140,True,Transportation & Logistics Services
KIM TECK CHEONG CONSOLIDATED BERHAD,KTC,0180,True,Consumer Services
AJINOMOTO (MALAYSIA) BERHAD,AJI,2658,True,Food & Beverages
SAMCHEM HOLDINGS BERHAD,SAMCHEM,5147,True,Chemicals
INGENIEUR GUDANG BERHAD,INGENIEU,5178,True,Metals
ARK RESOURCES HOLDINGS BERHAD,ARK,7007,True,Property
LII HEN INDUSTRIES BHD,LIIHEN,7089,True,Houshold Goods
QES GROUP BERHAD,QES,0196,True,"Industrial Materials, Components & Equipment"
SKP RESOURCES BHD,SKPRES,7155,True,"Industrial Materials, Components & Equipment"
SIME DARBY PLANTATION BERHAD,SIMEPLT,5285,True,Plantation
POH KONG HOLDINGS BERHAD,POHKONG,5080,True,Retailers
HONG LEONG BANK BERHAD,HLBANK,5819,False,Banking
PANASONIC MANUFACTURING MALAYSIA BERHAD,PANAMY,3719,False,Houshold Goods
CIMB GROUP HOLDINGS BERHAD,CIMB,1023,False,Banking
HAP SENG CONSOLIDATED BERHAD,HAPSENG,3034,False,Diversified Industrials
TEO GUAN LEE CORPORATION BHD,TGL,9369,False,Personal Goods
IHH HEALTHCARE BERHAD,IHH,5225,True,Health Care Providers
HONG LEONG FINANCIAL GROUP BHD,HLFG,1082,False,Banking
MESB BERHAD,MESB,7234,False,Personal Goods
THREE-A RESOURCES BERHAD,3A,0012,True,Food & Beverages
T7 GLOBAL BERHAD,T7GLOBAL,7228,True,"Energy, Infrastructure, Equipment & Services"
DANCOMECH HOLDINGS BERHAD,DANCO,5276,True,"Industrial Materials, Components & Equipment"
MALAYAN BANKING BERHAD,MAYBANK,1155,False,Banking
HOMERITZ CORPORATION BERHAD,HOMERIZ,5160,True,Houshold Goods
LFE CORPORATION BHD,LFECORP,7170,True,Industrial Engineering
CAPE EMS BERHAD,CEB,5311,False,Diversified Industrials
JCBNEXT BERHAD,JCBNEXT,0058,False,Industrial Services
IDEAL CAPITAL BERHAD,IDEAL,9687,True,Property
KIP REAL ESTATE INVESTMENT TRUST,KIPREIT,5280,False,Real Estate Investment Trusts
IBRACO BHD,IBRACO,5084,True,Property
KIA LIM BHD,KIALIM,6211,True,Building Materials
MAYBULK BERHAD,MAYBULK,5077,False,Transportation & Logistics Services
AMMB HOLDINGS BERHAD,AMBANK,1015,False,Banking
CELCOMDIGI BERHAD,CDB,6947,True,Telecommunications Service Providers
SOUTHERN CABLE GROUP BERHAD,SCGBHD,0225,True,"Industrial Materials, Components & Equipment"
Y.S.P. SOUTHEAST ASIA HOLDING BERHAD,YSPSAH,7178,True,Pharmaceuticals
LBS BINA GROUP BERHAD,LBS,5789,True,Property
DIALOG GROUP BERHAD,DIALOG,7277,True,"Energy, Infrastructure, Equipment & Services"
SEREMBAN ENGINEERING BERHAD,SEB,5163,True,Industrial Engineering
SPRITZER BHD,SPRITZER,7103,True,Food & Beverages
BONIA CORPORATION BERHAD,BONIA,9288,True,Personal Goods
SAMAIDEN GROUP BERHAD,SAMAIDEN,0223,True,Industrial Services
MUI PROPERTIES BHD,MUIPROP,3913,True,Property
KUCHAI DEVELOPMENT BERHAD,KUCHAI,2186,False,Other Financials
ALLIANCE BANK MALAYSIA BERHAD,ABMB,2488,False,Banking
KERJAYA PROSPEK PROPERTY BERHAD,KPPROP,7077,True,Property
RHB BANK BERHAD,RHBBANK,1066,False,Banking
SEG INTERNATIONAL BHD,SEG,9792,True,Consumer Services
PAVILION REAL ESTATE INVESTMENT TRUST,PAVREIT,5212,False,Real Estate Investment Trusts
YENHER HOLDINGS BERHAD,YENHER,5300,False,Agricultural Products
SWIFT HAULAGE BERHAD,SWIFT,5303,True,Transportation & Logistics Services
JAYCORP BHD,JAYCORP,7152,True,Houshold Goods
SAM ENGINEERING & EQUIPMENT (M) BERHAD,SAM,9822,True,"Industrial Materials, Components & Equipment"
CHIN HIN GROUP PROPERTY BERHAD,CHGP,7187,True,Transportation Equipment
TECHBOND GROUP BERHAD,TECHBND,5289,True,Chemicals
FIBON BERHAD,FIBON,0149,False,"Industrial Materials, Components & Equipment"
MGB BERHAD,MGB,7595,True,Construction
FM GLOBAL LOGISTICS HOLDINGS BERHAD,FM,7210,True,Transportation & Logistics Services
KECK SENG (MALAYSIA) BERHAD,KSENG,3476,False,Diversified Industrials
MNRB HOLDINGS BERHAD,MNRB,6459,False,Insurance
NEW HOONG FATT HOLDINGS BHD,NHFATT,7060,True,Automotive
TA ANN HOLDINGS BERHAD,TAANN,5012,True,Plantation
HIL INDUSTRIES BHD,HIL,8443,True,Chemicals
SARAWAK PLANTATION BERHAD,SWKPLNT,5135,True,Plantation
SARAWAK OIL PALMS BERHAD,SOP,5126,True,Plantation
CAM RESOURCES BHD,CAMRES,7128,True,Houshold Goods
ANALABS RESOURCES BERHAD,ANALABS,7083,False,Industrial Services
GLOBETRONICS TECHNOLOGY BERHAD,GTRONIC,7022,True,Semiconductors
KEIN HING INTERNATIONAL BHD,KEINHIN,7199,True,Metals
EG INDUSTRIES BERHAD,EG,8907,True,"Industrial Materials, Components & Equipment"
FEDERAL INTERNATIONAL HOLDINGS BERHAD,FIHB,8605,True,Houshold Goods
FIAMMA HOLDINGS BERHAD,FIAMMA,6939,True,Houshold Goods
WCE HOLDINGS BERHAD,WCEHB,3565,False,Construction
UNIMECH GROUP BHD,UNIMECH,7091,True,"Industrial Materials, Components & Equipment"
P.A. RESOURCES BERHAD,PA,7225,True,Metals
CUSCAPI BERHAD,CUSCAPI,0051,True,Software
PGF CAPITAL BERHAD,PGF,8117,True,Building Materials
MARCO HOLDINGS BHD,MARCO,3514,False,Personal Goods
FSBM HOLDINGS BERHAD,FSBM,9377,True,Technology Equipment
A-RANK BERHAD,ARANK,7214,True,Metals
SUPERCOMNET TECHNOLOGIES BHD,SCOMNET,0001,True,Health Care Equipment & Services
DUOPHARMA BIOTECH BERHAD,DPHARMA,7148,True,Pharmaceuticals
AXIS REAL ESTATE INVESTMENT TRUST,AXREIT,5106,True,Real Estate Investment Trusts
UZMA BHD,UZMA,7250,True,"Energy, Infrastructure, Equipment & Services"
IGB BERHAD,IGBB,5606,False,Property
HSS ENGINEERS BERHAD,HSSEB,0185,True,Industrial Engineering
TIONG NAM LOGISTICS HOLDINGS BERHAD,TNLOGIS,8397,True,Transportation & Logistics Services
KAWAN FOOD BERHAD,KAWAN,7216,True,Food & Beverages
MUAR BAN LEE GROUP BERHAD,MBL,5152,False,"Industrial Materials, Components & Equipment"
GAMUDA BERHAD,GAMUDA,5398,True,Construction
THONG GUAN INDUSTRIES BERHAD,TGUAN,7034,True,Packaging Materials
MST GOLF GROUP BERHAD,MSTGOLF,5316,True,Retailers
CB INDUSTRIAL PRODUCT HOLDING BERHAD,CBIP,7076,True,"Industrial Materials, Components & Equipment"
EDARAN BHD,EDARAN,5036,True,Technology Equipment
OSK HOLDINGS BERHAD,OSK,5053,False,Property
RHONE MA HOLDINGS BERHAD,RHONEMA,5278,False,Agricultural Products
IOI CORPORATION BERHAD,IOICORP,1961,True,Plantation
BANK ISLAM MALAYSIA BERHAD,BIMB,5258,True,Banking
AMTEL HOLDINGS BERHAD,AMTEL,7031,True,Telecommunications Equipment
SHL CONSOLIDATED BHD,SHL,6017,False,Property
AYER HOLDINGS BERHAD,AYER,2305,True,Property
RANHILL UTILITIES BERHAD,RANHILL,5272,True,"Gas, Water & Multi-Utilities"
HCK CAPITAL GROUP BERHAD,HCK,7105,True,Property
ELK-DESA RESOURCES BERHAD,ELKDESA,5228,False,Other Financials
EVERSENDAI CORPORATION BERHAD,SENDAI,5205,True,Construction
INNATURE BERHAD,INNATURE,5295,True,Personal Goods
ATRIUM REAL ESTATE INVESTMENT TRUST,ATRIUM,5130,False,Real Estate Investment Trusts
RAPID SYNERGY BHD,RAPID,7765,False,Property
FAR EAST HOLDINGS BHD,FAREAST,5029,True,Plantation
AVALAND BERHAD,AVALAND,5182,True,Property
PANSAR BERHAD,PANSAR,8419,False,Building Materials
ASTINO BERHAD,ASTINO,7162,True,Building Materials
V.S. INDUSTRY BERHAD,VS,6963,True,"Industrial Materials, Components & Equipment"
ECOMATE HOLDINGS BERHAD,ECOMATE,0239,True,Houshold Goods
DUFU TECHNOLOGY CORP. BERHAD,DUFU,7233,True,"Industrial Materials, Components & Equipment"
KLCC REAL ESTATE INVESTMENT TRUST,KLCC,5235SS,True,Real Estate Investment Trusts
MHC PLANTATIONS BHD,MHC,5026,True,Plantation
JF TECHNOLOGY BERHAD,JFTECH,0146,True,Technology Equipment
BINTULU PORT HOLDINGS BHD,BIPORT,5032,True,Transportation & Logistics Services
TECK GUAN PERDANA BERHAD,TECGUAN,7439,True,Agricultural Products
SUPERLON HOLDINGS BHD,SUPERLN,7235,True,Building Materials
FARM FRESH BERHAD,FFB,5306,True,Food & Beverages
MALAYSIA AIRPORTS HOLDINGS BERHAD,AIRPORT,5014,False,Transportation & Logistics Services
SUNWAY REAL ESTATE INVESTMENT TRUST,SUNREIT,5176,False,Real Estate Investment Trusts
KUMPULAN FIMA BERHAD,KFIMA,6491,True,Diversified Industrials
GIIB HOLDINGS BERHAD,GIIB,7192,True,Auto Parts
KENANGA INVESTMENT BANK BERHAD,KENANGA,6483,False,Other Financials
PERDANA PETROLEUM BERHAD,PERDANA,7108,True,"Energy, Infrastructure, Equipment & Services"
RIMBUNAN SAWIT BERHAD,RSAWIT,5113,True,Plantation
SAPURA INDUSTRIAL BERHAD,SAPIND,7811,True,Auto Parts
CENSOF HOLDINGS BERHAD,CENSOF,5195,True,Software
FAVELLE FAVCO BERHAD,FAVCO,7229,True,Industrial Engineering
SCIENTEX PACKAGING (AYER KEROH) BERHAD,SCIPACK,8125,True,Packaging Materials
ALCOM GROUP BERHAD,ALCOM,2674,True,Metals
TMC LIFE SCIENCES BHD,TMCLIFE,0101,True,Health Care Providers
KKB ENGINEERING BHD,KKB,9466,True,Industrial Engineering
EXCEL FORCE MSC BERHAD,EFORCE,0065,True,Software
PERAK TRANSIT BERHAD,PTRANS,0186,True,"Travel, Leisure & Hospitality"
TH PLANTATIONS BERHAD,THPLANT,5112,True,Plantation
KUMPULAN H & L HIGH-TECH BERHAD,HIGHTEC,7033,True,Industrial Engineering
LB ALUMINIUM BHD,LBALUM,9326,True,Metals
AYS VENTURES BERHAD,AYS,5021,True,Building Materials
TECHNA-X BERHAD,TECHNAX,2739,True,Other Energy Resources
EUPE CORPORATION BERHAD,EUPE,6815,True,Property
DKLS INDUSTRIES BHD,DKLS,7528,True,Construction
ZHULIAN CORPORATION BERHAD,ZHULIAN,5131,True,Consumer Services
FOUNDPAC GROUP BERHAD,FPGROUP,5277,True,"Industrial Materials, Components & Equipment"
LYSAGHT GALVANIZED STEEL BHD,LYSAGHT,9199,False,Metals
EITA RESOURCES BERHAD,EITA,5208,True,"Industrial Materials, Components & Equipment"
AEON CO. (M) BHD,AEON,6599,True,Retailers
EP MANUFACTURING BHD,EPMB,7773,True,Auto Parts
SUNWAY BERHAD,SUNWAY,5211,True,Diversified Industrials
MANULIFE HOLDINGS BERHAD,MANULFE,1058,False,Insurance
LEON FUAT BERHAD,LEONFB,5232,False,Metals
LUXCHEM CORPORATION BERHAD,LUXCHEM,5143,True,Chemicals
PESONA METRO HOLDINGS BHD,PESONA,8311,True,Construction
B.I.G. INDUSTRIES BHD,BIG,7005,True,Diversified Industrials
TALIWORKS CORPORATION BERHAD,TALIWRK,8524,True,"Gas, Water & Multi-Utilities"
ORIENTAL HOLDINGS BHD,ORIENT,4006,False,Automotive
KUB MALAYSIA BERHAD,KUB,6874,True,Industrial Services
HEKTAR REITS,HEKTAR,5121,False,Real Estate Investment Trusts
BUMI ARMADA BERHAD,ARMADA,5210,False,"Energy, Infrastructure, Equipment & Services"
SCGM BHD,SCGM,7247,False,Packaging Materials
HONG LEONG CAPITAL BERHAD,HLCAP,5274,False,Other Financials
MALAYAN CEMENT BERHAD,MCEMENT,3794,True,Building Materials
CAPITALAND MALAYSIA TRUST,CLMT,5180,False,Real Estate Investment Trusts
NCT ALLIANCE BERHAD,NCT,0056,True,Property
PRESTAR RESOURCES BHD,PRESTAR,9873,True,Metals
CONCRETE ENGINEERING PRODUCTS BERHAD,CEPCO,8435,True,Building Materials
MAH SING GROUP BERHAD,MAHSING,8583,True,Property
ASIA FILE CORPORATION BHD,ASIAFLE,7129,True,Consumer Services
ATLAN HOLDINGS BHD,ATLAN,7048,False,Retailers
CRESCENDO CORPORATION BERHAD,CRESNDO,6718,True,Property
PARAMOUNT CORPORATION BERHAD,PARAMON,1724,True,Property
GUAN CHONG BERHAD,GCB,5102,True,Food & Beverages
MELATI EHSAN HOLDINGS BERHAD,MELATI,5129,True,Construction
HEITECH PADU BHD,HTPADU,5028,True,Digital Services
AL-'AQAR HEALTHCARE REIT,ALAQAR,5116,True,Real Estate Investment Trusts
GE-SHEN CORPORATION BHD,GESHEN,7197,False,"Industrial Materials, Components & Equipment"
EURO HOLDINGS BERHAD,EURO,7208,True,Consumer Services
CHIN TECK PLANTATIONS BERHAD,CHINTEK,1929,False,Plantation
UOA REAL ESTATE INVESTMENT TRUST,UOAREIT,5110,False,Real Estate Investment Trusts
OCK GROUP BERHAD,OCK,0172,True,Telecommunications Service Providers
SLP RESOURCES BERHAD,SLP,7248,True,Packaging Materials
WEGMANS HOLDINGS BERHAD,WEGMANS,0197,True,Houshold Goods
YTL HOSPITALITY REIT,YTLREIT,5109,False,Real Estate Investment Trusts
LEADER STEEL HOLDINGS BHD,LSTEEL,9881,True,Metals
MYTECH GROUP BERHAD,MYTECH,7692,False,Metals
ELSOFT RESEARCH BERHAD,ELSOFT,0090,True,Technology Equipment
MEDIA PRIMA BERHAD,MEDIA,4502,False,Media
TAMBUN INDAH LAND BERHAD,TAMBUN,5191,True,Property
MISC BERHAD,MISC,3816,True,Transportation & Logistics Services
SENTRAL REIT,SENTRAL,5123,False,Real Estate Investment Trusts
EMICO HOLDINGS BERHAD,EMICO,9091,True,Consumer Services
HIAP TECK VENTURE BERHAD,HIAPTEK,5072,True,Metals
CSC STEEL HOLDINGS BERHAD,CSCSTEL,5094,True,Metals
POH HUAT RESOURCES HOLDINGS BERHAD,POHUAT,7088,True,Houshold Goods
SUCCESS TRANSFORMER CORPORATION BERHAD,SUCCESS,7207,True,"Industrial Materials, Components & Equipment"
GHL SYSTEMS BHD,GHLSYS,0021,True,Digital Services
UOA DEVELOPMENT BHD,UOADEV,5200,True,Property
SASBADI HOLDINGS BERHAD,SASBADI,5252,True,Media
ONLY WORLD GROUP HOLDINGS BERHAD,OWG,5260,True,"Travel, Leisure & Hospitality"
KPS CONSORTIUM BHD,KPSCB,9121,True,Wood & Wood Products
MAGNUM BERHAD,MAGNUM,3859,False,"Travel, Leisure & Hospitality"
PPB GROUP BERHAD,PPB,4065,True,Food & Beverages
MI TECHNOVATION BERHAD,MI,5286,True,Technology Equipment
WILLOWGLEN MSC BERHAD,WILLOW,0008,True,Software
KARYON INDUSTRIES BERHAD,KARYON,0054,True,Chemicals
HANDAL ENERGY BERHAD,HANDAL,7253,True,"Energy, Infrastructure, Equipment & Services"
MENANG CORPORATION (M) BERHAD,MENANG,1694,True,Property
MALAYSIA BUILDING SOCIETY BHD,MBSB,1171,True,Other Financials
D & O GREEN TECHNOLOGIES BERHAD,D&O,7204,True,Semiconductors
CEPATWAWASAN GROUP BERHAD,CEPAT,8982,True,Plantation
OCB BERHAD,OCB,5533,True,Food & Beverages
EASTERN & ORIENTAL BERHAD,E&O,3417,True,Property
S & F CAPITAL BERHAD,S&FCAP,8745,True,Wood & Wood Products
GDB HOLDINGS BERHAD,GDB,0198,True,Construction
GENTING PLANTATIONS BERHAD,GENP,2291,True,Plantation
SHH RESOURCES HOLDINGS BERHAD,SHH,7412,True,Houshold Goods
TENAGA NASIONAL BHD,TENAGA,5347,True,Electricity
MKH BERHAD,MKH,6114,True,Property
HAP SENG PLANTATIONS HOLDINGS,HSPLANT,5138,True,Plantation
SENHENG NEW RETAIL BERHAD,SENHENG,5305,True,Retailers
HPMT HOLDINGS BERHAD,HPMT,5291,True,"Industrial Materials, Components & Equipment"
UMS HOLDINGS BERHAD,UMS,7137,True,"Industrial Materials, Components & Equipment"
BLD PLANTATION BHD.,BLDPLNT,5069,True,Plantation
TSH RESOURCES BERHAD,TSH,9059,True,Plantation
BATU KAWAN BERHAD,BKAWAN,1899,True,Plantation
ACME HOLDINGS BERHAD,ACME,7131,True,Property
TRC SYNERGY BHD,TRC,5054,True,Construction
JHM CONSOLIDATION BHD,JHM,0127,True,Semiconductors
DOMINANT ENTERPRISE BERHAD,DOMINAN,7169,True,Wood & Wood Products
KUALA LUMPUR KEPONG BERHAD,KLK,2445,True,Plantation
KNUSFORD BERHAD,KNUSFOR,5035,True,Industrial Services
PLENITUDE BHD,PLENITU,5075,True,Property
ECO WORLD DEVELOPMENT GROUP BERHAD,ECOWLD,8206,True,Property
PETRONAS CHEMICALS GROUP BERHAD,PCHEM,5183,True,Chemicals
PMB TECHNOLOGY BERHAD,PMBTECH,7172,True,Metals
INSAS BERHAD,INSAS,3379,False,Other Financials
APM AUTOMOTIVE HOLDINGS BERHAD,APM,5015,True,Auto Parts
SIME DARBY PROPERTY BERHAD,SIMEPROP,5288,True,Property
VELESTO ENERGY BERHAD,VELESTO,5243,True,"Energy, Infrastructure, Equipment & Services"
UMS-NEIKEN GROUP BHD,UMSNGB,7227,False,"Industrial Materials, Components & Equipment"
GROMUTUAL BHD,GMUTUAL,9962,True,Property
SUNGEI BAGAN RUBBER CO (M) BHD,SBAGAN,2569,False,Plantation
CWG HOLDINGS BERHAD,CWG,9423,True,Consumer Services
XL HOLDINGS BERHAD,XL,7121,True,Consumer Services
KAREX BERHAD,KAREX,5247,True,Personal Goods
KLUANG RUBBER COMPANY (MALAYA) BERHAD,KLUANG,2453,False,Plantation
META BRIGHT GROUP BERHAD,MBRIGHT,2097,True,"Travel, Leisure & Hospitality"
RESINTECH BERHAD,RESINTC,7232,True,Building Materials
PBA HOLDINGS BHD,PBA,5041,True,"Gas, Water & Multi-Utilities"
ASIA BRANDS BERHAD,ASIABRN,7722,True,Personal Goods
AFFIN BANK BERHAD,AFFIN,5185,False,Banking
UWC BERHAD,UWC,5292,True,Semiconductors
JKG LAND BERHAD,JKGLAND,6769,True,Property
WANG-ZHENG BHD,WANGZNG,7203,True,Houshold Goods
MESINIAGA BERHAD,MSNIAGA,5011,True,Digital Services
FACB INDUSTRIES INCORPORATED,FACBIND,2984,False,Metals
CAHYA MATA SARAWAK BERHAD,CMSB,2852,True,Building Materials
TANCO HOLDINGS BERHAD,TANCO,2429,True,Property
DPS RESOURCES BERHAD,DPS,7198,True,Property
BESHOM HOLDINGS BERHAD,BESHOM,7668,False,Retailers
UNISEM (M) BERHAD,UNISEM,5005,True,Semiconductors
KHIND HOLDINGS BERHAD,KHIND,7062,True,Houshold Goods
AL-SALAM REAL ESTATE INVESTMENT TRUST,ALSREIT,5269,True,Real Estate Investment Trusts
KOBAY TECHNOLOGY BHD,KOBAY,6971,True,"Industrial Materials, Components & Equipment"
RESERVOIR LINK ENERGY BHD,RL,0219,True,"Energy, Infrastructure, Equipment & Services"
ASTRO MALAYSIA HOLDINGS BERHAD,ASTRO,6399,False,Media
ORNAPAPER BHD,ORNA,5065,True,Packaging Materials
BRIGHT PACKAGING INDUSTRY BERHAD,BRIGHT,9938,False,Packaging Materials
GENTING MALAYSIA BERHAD,GENM,4715,False,"Travel, Leisure & Hospitality"
IQ GROUP HOLDINGS BERHAD,IQGROUP,5107,True,Houshold Goods
SURIA CAPITAL HOLDINGS BHD,SURIA,6521,True,Transportation & Logistics Services
TURIYA BERHAD,TURIYA,4359,True,Semiconductors
APB RESOURCES BHD,APB,5568,True,Industrial Engineering
DRB-HICOM BERHAD,DRBHCOM,1619,True,Automotive
LAND & GENERAL BERHAD,L&G,3174,True,Property
IJM CORPORATION BERHAD,IJM,3336,True,Construction
TIEN WAH PRESS HOLDINGS BERHAD,TIENWAH,7374,False,Industrial Services
SOLID AUTOMOTIVE BERHAD,SOLID,5242,True,Automotive
FIMA CORPORATION BERHAD,FIMACOR,3107,True,Industrial Services
MULPHA INTERNATIONAL BHD,MULPHA,3905,False,"Travel, Leisure & Hospitality"
LOTUS KFM BERHAD,LOTUS,8303,True,Food & Beverages
UPA CORPORATION BHD,UPA,7757,True,Consumer Services
G3 GLOBAL BERHAD,G3,7184,True,Personal Goods
SELANGOR DREDGING BERHAD,SDRED,2224,True,Property
UNITED MALACCA BERHAD,UMCCA,2593,True,Plantation
NEGRI SEMBILAN OIL PALMS BERHAD,NSOP,2038,True,Plantation
PROPEL GLOBAL BERHAD,PGB,0091,True,"Energy, Infrastructure, Equipment & Services"
IOI PROPERTIES GROUP BERHAD,IOIPG,5249,False,Property
KEN HOLDINGS BHD,KEN,7323,False,Property
IGB COMMERCIAL REAL ESTATE INVESTMENT TRUST,IGBCR,5299,False,Real Estate Investment Trusts
PERAK CORPORATION BERHAD,PRKCORP,8346,True,Transportation & Logistics Services
GLOBALTEC FORMATION BERHAD,GLOTEC,5220,True,"Industrial Materials, Components & Equipment"
GENTING BHD,GENTING,3182,False,"Travel, Leisure & Hospitality"
BCB BERHAD,BCB,6602,True,Property
NAIM HOLDINGS BERHAD,NAIM,5073,True,Property
IMASPRO CORPORATION BHD,IMASPRO,7222,True,Chemicals
SEAL INCORPORATED BERHAD,SEAL,4286,False,Property
GABUNGAN AQRS BERHAD,GBGAQRS,5226,True,Construction
SIN HENG CHAN (MALAYA) BERHAD,SHCHAN,4316,True,Plantation
SERN KOU RESOURCES BERHAD,SERNKOU,7180,True,Houshold Goods
NEXTGREEN GLOBAL BERHAD,NGGB,7241,True,Industrial Services
BINA DARULAMAN BERHAD,BDB,6173,True,Property
CJ CENTURY LOGISTICS HOLDINGS BERHAD,CJCEN,7117,True,Transportation & Logistics Services
OKA CORPORATION BHD,OKA,7140,True,Building Materials
CITAGLOBAL BERHAD,CITAGLB,7245,True,Metals
COASTAL CONTRACTS BHD,COASTAL,5071,False,"Energy, Infrastructure, Equipment & Services"
GUOCOLAND (MALAYSIA) BHD,GUOCO,1503,True,Property
OCEANCASH PACIFIC BERHAD,OCNCASH,0049,True,Personal Goods
TEK SENG HOLDINGS BHD,TEKSENG,7200,True,Houshold Goods
MICROLINK SOLUTIONS BERHAD,MICROLN,0126,True,Digital Services
S P SETIA BERHAD,SPSETIA,8664,True,Property
TURBO-MECH BERHAD,TURBO,5167,False,"Industrial Materials, Components & Equipment"
MALAYSIAN RESOURCES CORPORATION BERHAD,MRCB,1651,True,Property
RHONG KHEN INTERNATIONAL BERHAD,RKI,7006,True,Houshold Goods
RADIUM DEVELOPMENT BERHAD,RADIUM,5313,True,Property
METROD HOLDINGS BERHAD,METROD,6149,False,Metals
M & A EQUITY HOLDINGS BERHAD,M&A,7082,False,Other Financials
PROTASCO BERHAD,PRTASCO,5070,True,Construction
APEX EQUITY HOLDINGS BHD,APEX,5088,False,Other Financials
TOYO VENTURES HOLDINGS BERHAD,TOYOVEN,7173,True,Chemicals
SHANGRI-LA HOTELS (M) BHD,SHANG,5517,True,"Travel, Leisure & Hospitality"
PASDEC HOLDINGS BHD,PASDEC,6912,True,Property
Y&G CORPORATION BHD,Y&G,7003,True,Property
COUNTRY VIEW BERHAD,CVIEW,5049,True,Property
BERJAYA FOOD BERHAD,BJFOOD,5196,True,"Travel, Leisure & Hospitality"
UEM EDGENTA BERHAD,EDGENTA,1368,True,Industrial Services
TDM BERHAD,TDM,2054,True,Plantation
HEXZA CORPORATION BHD,HEXZA,3298,False,Chemicals
MITRAJAYA HOLDINGS BERHAD,MITRA,9571,True,Construction
CAN-ONE BHD,CANONE,5105,False,Packaging Materials
GLOMAC BERHAD,GLOMAC,5020,True,Property
RIVERVIEW RUBBER ESTATES BERHAD,RVIEW,2542,True,Plantation
MALAYSIAN PACIFIC INDUSTRIES,MPI,3867,True,Semiconductors
FGV HOLDINGS BERHAD,FGV,5222,True,Plantation
AMFIRST REAL ESTATE INVESTMENT TRUST,AMFIRST,5120,False,Real Estate Investment Trusts
LION POSIM BERHAD,LIONPSIM,8486,True,Industrial Services
NPC RESOURCES BERHAD,NPC,5047,True,Plantation
DUTALAND BERHAD,DUTALND,3948,False,Plantation
HUA YANG BERHAD,HUAYANG,5062,True,Property
MINHO (M) BHD,MINHO,5576,True,Wood & Wood Products
EKSONS CORPORATION BERHAD,EKSONS,9016,False,Wood & Wood Products
ABLEGROUP BERHAD,ABLEGRP,7086,True,Building Materials
MPHB CAPITAL BERHAD,MPHBCAP,5237,False,Property
ICON OFFSHORE BERHAD,ICON,5255,True,"Energy, Infrastructure, Equipment & Services"
SUNSURIA BERHAD,SUNSURIA,3743,True,Property
HO WAH GENTING BERHAD,HWGB,9601,True,"Industrial Materials, Components & Equipment"
MAYU GLOBAL GROUP BERHAD,MAYU,7099,True,Metals
TWL HOLDINGS BERHAD,TWL,7079,True,Property
MULTI-USAGE HOLDINGS BERHAD,MUH,9539,True,Property
ESTHETICS INTERNATIONAL GROUP BERHAD,EIG,5081,True,Personal Goods
NTPM HOLDINGS BERHAD,NTPM,5066,True,Houshold Goods
ENGTEX GROUP BERHAD,ENGTEX,5056,True,Metals
VARIA BERHAD,VARIA,5006,True,Construction
FAJARBARU BUILDER GROUP BHD,FAJAR,7047,True,Construction
VERSATILE CREATIVE BERHAD,VERSATL,4995,True,Packaging Materials
TONG HERR RESOURCES BHD,TONGHER,5010,True,Metals
CHIN WELL HOLDINGS BHD,CHINWEL,5007,True,"Industrial Materials, Components & Equipment"
STAR MEDIA GROUP BERHAD,STAR,6084,True,Media
KUMPULAN JETSON BERHAD,JETSON,9083,True,Auto Parts
ROHAS TECNIC BERHAD,ROHAS,9741,True,Industrial Engineering
UEM SUNRISE BERHAD,UEMS,5148,True,Property
AGESON BERHAD,AGES,7145,True,Construction
MAXIM GLOBAL BERHAD,MAXIM,4022,True,Property
I-BERHAD,IBHD,4251,True,Property
KIMLUN CORPORATION BERHAD,KIMLUN,5171,True,Construction
TAFI INDUSTRIES BERHAD,TAFI,7211,True,Houshold Goods
MK LAND HOLDINGS BHD,MKLAND,8893,True,Property
JAKS RESOURCES BERHAD,JAKS,4723,True,Construction
ZECON BERHAD,ZECON,7028,True,Construction
SEACERA GROUP BERHAD,SEACERA,7073,True,Building Materials
LUSTER INDUSTRIES BHD.,LUSTER,5068,True,"Industrial Materials, Components & Equipment"
KUMPULAN PERANGSANG SELANGOR BERHAD,KPS,5843,True,Diversified Industrials
HEXTAR RETAIL BERHAD,HEXRTL,7202,True,Houshold Goods
PIMPINAN EHSAN BERHAD,PEB,5622,True,Construction
PUNCAK NIAGA HOLDINGS BERHAD,PUNCAK,6807,True,Construction
PAOS HOLDINGS BERHAD,PAOS,5022,True,Houshold Goods
PCCS GROUP BERHAD,PCCS,6068,True,Personal Goods
AMANAHRAYA REITS,ARREIT,5127,False,Real Estate Investment Trusts
EWEIN BERHAD,EWEIN,7249,True,Property
LEBTECH BERHAD,LEBTECH,9628,True,Construction
BERJAYA LAND BERHAD,BJLAND,4219,False,"Travel, Leisure & Hospitality"
ICAPITAL.BIZ BERHAD,ICAP,5108,False,Closed End Fund
PJBUMI BERHAD,PJBUMI,7163,True,Industrial Services
KOSSAN RUBBER INDUSTRIES BERHAD,KOSSAN,7153,True,Health Care Equipment & Services
BERTAM ALLIANCE BERHAD,BERTAM,9814,True,Property
ASIAN PAC HOLDINGS BERHAD,ASIAPAC,4057,True,Property
SYCAL VENTURES BHD,SYCAL,9717,False,Construction
HUBLINE BERHAD,HUBLINE,7013,True,Transportation & Logistics Services
TITIJAYA LAND BERHAD,TITIJYA,5239,True,Property
MALAYSIA STEEL WORKS (KL)BHD,MASTEEL,5098,True,Metals
MYCRON STEEL BHD,MYCRON,5087,True,Metals
CHOO BEE METAL INDUSTRIES BHD,CHOOBEE,5797,True,Metals
RGT BERHAD,RGTBHD,9954,True,Chemicals
ILB GROUP BERHAD,ILB,5614,False,Transportation & Logistics Services
KESM INDUSTRIES BERHAD,KESM,9334,True,Semiconductors
OM HOLDINGS LIMITED,OMH,5298,True,Metals
ALLIANZ MALAYSIA BERHAD-ICPS,ALLIANZ-PA,1163PA,False,Insurance
DESTINI BERHAD - ORDINARY RIGHTS,DESTINI-OR,7212OR,True,
PHARMANIAGA BERHAD,PHARMA,7081,True,Pharmaceuticals
BARAKAH OFFSHORE PETROLEUM BERHAD,BARAKAH,7251,True,"Energy, Infrastructure, Equipment & Services"
SAPURA ENERGY BERHAD,SAPNRG,5218,True,"Energy, Infrastructure, Equipment & Services"
IREKA CORPORATION BERHAD,IREKA,8834,True,Construction
SARAWAK CABLE BERHAD,SCABLE,5170,True,"Industrial Materials, Components & Equipment"
SCOMI ENERGY SERVICES BHD,SCOMIES,7045,True,"Energy, Infrastructure, Equipment & Services"
ALAM MARITIM RESOURCES BHD,ALAM,5115,True,"Energy, Infrastructure, Equipment & Services"
CAPITAL A BERHAD,CAPITALA,5099,True,"Travel, Leisure & Hospitality"
KHEE SAN BERHAD,KHEESAN,6203,False,Food & Beverages
LANDMARKS BERHAD,LANDMRK,1643,False,"Travel, Leisure & Hospitality"
PTT SYNERGY GROUP BERHAD,PTT,7010,True,Property
SOUTHERN ACIDS (M) BERHAD,SAB,5134,True,Chemicals
ANN JOO RESOURCES BERHAD,ANNJOO,6556,False,Metals
TUNE PROTECT GROUP BERHAD,TUNEPRO,5230,False,Insurance
GOPENG BERHAD,GOPENG,2135,False,Plantation
MALPAC HOLDINGS BERHAD,MALPAC,4936,False,Plantation
PARAGON GLOBE BERHAD,PGLOBE,3611,True,Property
EFFICIENT E-SOLUTIONS BERHAD,EFFICEN,0064,True,Industrial Services
ECOFIRST CONSOLIDATED BHD,ECOFIRS,3557,True,Property
GLOBAL ORIENTAL BERHAD,GOB,1147,True,Property
HEXTAR TECHNOLOGIES SOLUTIONS BERHAD,HEXTECH,5136,True,Transportation & Logistics Services
MALAYAN FLOUR MILLS BERHAD,MFLOUR,3662,True,Food & Beverages
AWANBIRU TECHNOLOGY BERHAD,AWANTEC,5204,True,Digital Services
SMIS CORPORATION BHD,SMISCOR,7132,True,Auto Parts
JASA KITA BERHAD,JASKITA,8648,False,"Industrial Materials, Components & Equipment"
SBC CORPORATION BERHAD,SBCCORP,5207,True,Property
MUHIBBAH ENGINEERING (M) BHD,MUHIBAH,5703,True,Construction
AXTERIA GROUP BERHAD,AXTERIA,7120,True,Property
WARISAN TC HOLDINGS BHD,WARISAN,5016,True,"Travel, Leisure & Hospitality"
XIDELANG HOLDINGS LTD,XDL,5156,False,Personal Goods
ISKANDAR WATERFRONT CITY BERHAD,IWCITY,1589,True,Property
HEVEABOARD BHD,HEVEA,5095,True,Wood & Wood Products
PENSONIC HOLDINGS BERHAD,PENSONI,9997,True,Houshold Goods
PRICEWORTH INTERNATIONAL BERHAD,PWORTH,7123,True,Wood & Wood Products
INCH KENNETH KAJANG RUBBER PLC,INCKEN,2607,True,Plantation
PESTECH INTERNATIONAL BERHAD,PESTECH,5219,True,Industrial Engineering
LBI CAPITAL BHD,LBICAP,8494,False,Property
WMG HOLDINGS BERHAD,WMG,6378,False,Property
BERJAYA ASSETS BERHAD,BJASSET,3239,False,Property
PINTARAS JAYA BHD,PTARAS,9598,True,Construction
AWC BERHAD,AWC,7579,True,Industrial Services
CHUAN HUAT RESOURCES BHD,CHUAN,7016,True,Building Materials
SEALINK INTERNATIONAL BERHAD,SEALINK,5145,True,Transportation Equipment
MELEWAR INDUSTRIAL GROUP BHD,MELEWAR,3778,True,Metals
PARKSON HOLDINGS BERHAD,PARKSON,5657,True,Retailers
JOE HOLDING BERHAD,JOE,7096,False,Auto Parts
GEORGE KENT (MALAYSIA) BERHAD,GKENT,3204,True,Construction
TRANSOCEAN HOLDINGS BHD,TOCEAN,7218,True,Transportation & Logistics Services
SUPERMAX CORPORATION BHD,SUPERMX,7106,False,Health Care Equipment & Services
CITRA NUSA HOLDINGS BERHAD,CNH,5104,True,Consumer Services
SUBUR TIASA HOLDINGS BERHAD,SUBUR,6904,False,Wood & Wood Products
CME GROUP BERHAD,CME,7018,True,Industrial Services
D'NONCE TECHNOLOGY BHD,DNONCE,7114,True,Packaging Materials
EONMETALL GROUP BERHAD,EMETALL,7217,True,Metals
MALAYAN UNITED INDUSTRIES BERHAD,MUIIND,3891,False,"Travel, Leisure & Hospitality"
MUDA HOLDINGS BHD,MUDA,3883,True,Packaging Materials
WTK HOLDINGS BERHAD,WTK,4243,True,Wood & Wood Products
CYL CORPORATION BERHAD,CYL,7157,True,Packaging Materials
AVILLION BERHAD,AVI,8885,True,"Travel, Leisure & Hospitality"
MYNEWS HOLDINGS BERHAD,MYNEWS,5275,False,Retailers
WHITE HORSE BHD,WTHORSE,5009,True,Building Materials
PARKWOOD HOLDINGS BERHAD,PARKWD,2682,True,Property
ENCORP BHD,ENCORP,6076,True,Property
BERJAYA CORPORATION BERHAD,BJCORP,3395,False,Diversified Industrials
GADANG HOLDINGS BHD,GADANG,9261,True,Construction
PACIFIC & ORIENT BERHAD,P&O,6009,False,Insurance
HARN LEN CORPORATION BHD,HARNLEN,7501,True,Plantation
PERMAJU INDUSTRIES BHD,PERMAJU,7080,True,Automotive
GRAND CENTRAL ENTERPRISES BHD,GCE,5592,True,"Travel, Leisure & Hospitality"
KAMDAR GROUP(M)BHD,KAMDAR,8672,True,Retailers
MSM MALAYSIA HOLDINGS BERHAD,MSM,5202,True,Food & Beverages
VELOCITY CAPITAL PARTNER BERHAD,VELOCITY,7165,False,Building Materials
GUH HOLDINGS BHD,GUH,3247,True,"Industrial Materials, Components & Equipment"
ECO WORLD INTERNATIONAL BERHAD,EWINT,5283,True,Property
SEE HUP CONSOLIDATED BERHAD,SEEHUP,7053,True,Transportation & Logistics Services
TOWER REAL ESTATE INVESTMENT TRUST,TWRREIT,5111,False,Real Estate Investment Trusts
EVERGREEN FIBREBOARD BHD,EVERGRN,5101,True,Wood & Wood Products
TIMBERWELL BHD,TIMWELL,7854,True,Wood & Wood Products
DFCITY GROUP BERHAD,DFCITY,5165,True,Building Materials
WATTA HOLDING BERHAD,WATTA,7226,True,Auto Parts
MERCURY INDUSTRIES BERHAD,MERCURY,8192,True,Construction
GOLDEN LAND BERHAD,GLBHD,7382,True,Plantation
TROPICANA CORPORATION BERHAD,TROP,5401,True,Property
PEGASUS HEIGHTS BERHAD,PHB,4464,False,Property
COMFORT GLOVES BERHAD,COMFORT,2127,True,"Industrial Materials, Components & Equipment"
YNH PROPERTY BERHAD,YNHPROP,3158,True,Property
AURO HOLDINGS BERHAD,AURO,5025,True,Wood & Wood Products
FOCUS LUMBER BERHAD,FLBHD,5197,True,Wood & Wood Products
PAN MALAYSIA HOLDINGS BHD,PMHLDG,1287,True,"Travel, Leisure & Hospitality"
METRONIC GLOBAL BERHAD,MTRONIC,0043,True,Industrial Services
SWS CAPITAL BERHAD,SWSCAP,7186,True,Houshold Goods
CLASSITA HOLDINGS BERHAD,CLASSITA,7154,True,Personal Goods
MMS VENTURES BERHAD,MMSV,0113,True,Technology Equipment
TAN CHONG MOTOR HOLDINGS BERHAD,TCHONG,4405,True,Automotive
INDUSTRONICS BERHAD,ITRONIC,9393,True,Technology Equipment
CHINA OUHUA WINERY HLDGS LTD,CNOUHUA,5188,False,Food & Beverages
OLYMPIA INDUSTRIES BERHAD,OLYMPIA,3018,False,"Travel, Leisure & Hospitality"
DESTINI BERHAD,DESTINI,7212,True,Industrial Engineering
PINEHILL PACIFIC BERHAD,PINEPAC,1902,False,Plantation
FARLIM GROUP (M) BHD,FARLIM,6041,True,Property
MENTIGA CORPORATION BHD,MENTIGA,5223,True,Wood & Wood Products
MAA GROUP BERHAD,MAA,1198,False,Insurance
PDZ HOLDINGS BHD,PDZ,6254,False,Transportation & Logistics Services
PERUSAHAAN SADUR TIMAH MALAYSIA (PERSTIMA) BHD,PERSTIM,5436,True,Metals
GREATER BAY HOLDINGS BERHAD,GBAY,9148,True,Packaging Materials
ASTRAL ASIA BERHAD,AASIA,7054,True,Plantation
SALCON BERHAD,SALCON,8567,True,"Gas, Water & Multi-Utilities"
LIEN HOE CORPORATION BHD,LIENHOE,3573,False,Property
TEXCHEM RESOURCES BHD,TEXCHEM,8702,True,Diversified Industrials
KOMARKCORP BERHAD,KOMARK,7017,True,Packaging Materials
MEDIA CHINESE INTERNATIONAL LIMITED,MEDIAC,5090,True,Media
TALAM TRANSFORM BERHAD,TALAMT,2259,True,Property
ECONPILE HOLDINGS BERHAD,ECONBHD,5253,True,Construction
MAJUPERAK HOLDINGS BERHAD,MJPERAK,8141,True,Property
SAUDEE GROUP BERHAD,SAUDEE,5157,True,Food & Beverages
ENG KAH CORPORATION BERHAD,ENGKAH,7149,True,Houshold Goods
SOUTH MALAYSIA INDUSTRIES BHD,SMI,4375,True,Property
SYMPHONY LIFE BERHAD,SYMLIFE,1538,True,Property
HARTALEGA HOLDINGS BERHAD,HARTA,5168,True,Health Care Equipment & Services
EKOVEST BHD,EKOVEST,8877,True,Construction
LOTTE CHEMICAL TITAN HOLDING BERHAD,LCTITAN,5284,True,Chemicals
COMPUGATES HOLDINGS BERHAD,COMPUGT,5037,True,Industrial Services
MALTON BERHAD,MALTON,6181,True,Property
PRG HOLDINGS BERHAD,PRG,7168,True,Personal Goods
RALCO CORPORATION BHD,RALCO,7498,True,Chemicals
GREENYIELD BERHAD,GREENYB,0136,True,Agricultural Products
FITTERS DIVERSIFIED BERHAD,FITTERS,9318,True,"Industrial Materials, Components & Equipment"
WOODLANDOR HOLDINGS BHD,WOODLAN,7025,True,Wood & Wood Products
BOX-PAK (MALAYSIA) BHD,BOXPAK,6297,False,Packaging Materials
JADE MARVEL GROUP BERHAD,JADEM,7043,False,Building Materials
NI HSIN GROUP BERHAD,NIHSIN,7215,True,Houshold Goods
NYLEX (MALAYSIA) BERHAD,NYLEX,4944,True,Chemicals
EDEN INC. BHD,EDEN,7471,True,Electricity
GDEX BERHAD,GDEX,0078,True,Transportation & Logistics Services
COMPUTER FORMS (MALAYSIA) BERHAD,CFM,8044,False,Industrial Services
PROGRESSIVE IMPACT CORPORATION,PICORP,7201,True,Industrial Services
MERIDIAN BERHAD,MERIDIAN,5040,True,Property
NOTION VTEC BERHAD,NOTION,0083,True,Technology Equipment
ICONIC WORLDWIDE BERHAD,ICONIC,9113,True,"Travel, Leisure & Hospitality"
JIANKUN INTERNATIONAL BERHAD,JIANKUN,8923,True,Property
WCT HOLDINGS BERHAD,WCT,9679,True,Construction
JCY INTERNATIONAL BERHAD,JCY,5161,True,Technology Equipment
AXIATA GROUP BERHAD,AXIATA,6888,True,Telecommunications Service Providers
PELIKAN INTERNATIONAL CORPORATION BERHAD,PELIKAN,5231,True,Consumer Services
MINETECH RESOURCES BERHAD,MINETEC,7219,True,Building Materials
KEY ASIC BERHAD,KEYASIC,0143,True,Semiconductors
EUROSPAN HOLDINGS BERHAD,EUROSP,7094,True,Houshold Goods
ADVENTA BHD,ADVENTA,7191,True,Health Care Equipment & Services
HONG SENG CONSOLIDATED BERHAD,HONGSENG,0041,True,Software
OCR GROUP BERHAD,OCR,7071,True,Construction
G CAPITAL BERHAD,GCAP,7676,True,Transportation & Logistics Services
ABM FUJIYA BERHAD,AFUJIYA,5198,True,Auto Parts
CENTRAL GLOBAL BERHAD,CGB,8052,True,Packaging Materials
TECHBASE INDUSTRIES BERHAD,TECHBASE,8966,True,Personal Goods
ASTEEL GROUP BERHAD,ASTEEL,7020,True,Metals
VIZIONE HOLDINGS BERHAD,VIZIONE,7070,True,Construction
DAGANG NEXCHANGE BERHAD,DNEX,4456,True,Digital Services
HEXTAR HEALTHCARE BERHAD,HEXCARE,7803,True,Health Care Equipment & Services
ADVANCE SYNERGY BERHAD,ASB,1481,True,"Travel, Leisure & Hospitality"
KIM HIN INDUSTRY BHD,KIMHIN,5371,True,Building Materials
SOUTHERN STEEL BERHAD,SSTEEL,5665,False,Metals
XIN HWA HOLDINGS BERHAD,XINHWA,5267,True,Transportation & Logistics Services
YB VENTURES BERHAD,YB,5048,True,Building Materials
MAGMA GROUP BERHAD,MAGMA,7243,True,Food & Beverages
MILUX CORPORATION BERHAD,MILUX,7935,True,Houshold Goods
K. SENG SENG CORPORATION BERHAD,KSSC,5192,True,"Industrial Materials, Components & Equipment"
QUALITY CONCRETE HOLDINGS BERHAD,QUALITY,7544,True,Building Materials
YONG TAI BERHAD,YONGTAI,7066,True,Property
WONG ENGINEERING CORPORATION BERHAD,WONG,7050,True,"Industrial Materials, Components & Equipment"
CREST BUILDER HOLDINGS BHD,CRESBLD,8591,True,Construction
BORNEO OIL BERHAD,BORNOIL,7036,True,Industrial Services
PLS PLANTATIONS BERHAD,PLS,9695,True,Plantation
SARAWAK CONSOLIDATED INDUSTRIES BERHAD,SCIB,9237,True,Building Materials
SINMAH CAPITAL BERHAD,SMCAP,9776,True,Agricultural Products
TUJU SETIA BERHAD,TJSETIA,5297,True,Construction
TA WIN HOLDINGS BERHAD,TAWIN,7097,True,Metals
TOP GLOVE CORPORATION BHD,TOPGLOV,7113,True,Health Care Equipment & Services
MUDAJAYA GROUP BERHAD,MUDAJYA,5085,True,Construction
MPIRE GLOBAL BERHAD,MPIRE,7943,True,Houshold Goods
ENRA GROUP BERHAD,ENRA,8613,True,Property
CHEETAH HOLDINGS BHD,CHEETAH,7209,True,Personal Goods
BSL CORPORATION BERHAD,BSLCORP,7221,True,Metals
JENTAYU SUSTAINABLES BERHAD,JSB,5673,True,Industrial Services
NICHE CAPITAL EMAS HLDG BHD,NICE,7139,True,Personal Goods
COUNTRY HEIGHTS HOLDINGS BHD,CHHB,5738,True,Property
JOHAN HOLDINGS BERHAD,JOHAN,3441,False,Other Financials
BENALEC HOLDINGS BERHAD,BENALEC,5190,True,Construction
ADVANCECON HOLDINGS BERHAD,ADVCON,5281,False,Construction
MALAKOFF CORPORATION BERHAD,MALAKOF,5264,True,Electricity
SINARAN ADVANCE GROUP BERHAD,SINARAN,5172,True,Personal Goods
MIECO CHIPBOARD BERHAD,MIECO,5001,True,Wood & Wood Products
SAPURA RESOURCES BERHAD,SAPRES,4596,True,Property
OMESTI BERHAD,OMESTI,9008,True,Digital Services
ARB BERHAD,ARBB,7181,True,Software
HO HUP CONSTRUCTION COMPANY BHD,HOHUP,5169,True,Construction
PLB ENGINEERING BERHAD,PLB,7055,True,Property
SCANWOLF CORPORATION BHD,SCNWOLF,7239,True,Building Materials
GREEN PACKET BERHAD,GPACKET,0082,True,Telecommunications Service Providers
PNE PCB BERHAD,PNEPCB,6637,True,"Industrial Materials, Components & Equipment"
SENTORIA GROUP BERHAD,SNTORIA,5213,False,Property
CYPARK RESOURCES BERHAD,CYPARK,5184,True,Industrial Services
HWA TAI INDUSTRIES BHD,HWATAI,8478,True,Food & Beverages
BTM RESOURCES BERHAD,BTM,7188,True,Wood & Wood Products
ATA IMS BERHAD,ATAIMS,8176,True,"Industrial Materials, Components & Equipment"
HB GLOBAL LIMITED,HBGLOB,5187,False,Food & Beverages
JADI IMAGING HOLDINGS BERHAD,JADI,7223,True,Consumer Services
DOLPHIN INTERNATIONAL BERHAD,DOLPHIN,5265,False,"Industrial Materials, Components & Equipment"
INFRAHARTA HOLDINGS BERHAD,IHB,7240,True,Construction
POS MALAYSIA BHD,POS,4634,True,Transportation & Logistics Services
SALUTICA BERHAD,SALUTE,0183,True,Personal Goods
TRIVE PROPERTY GROUP BERHAD,TRIVE,0118,True,Technology Equipment
HENGYUAN REFINING COMPANY BERHAD,HENGYUAN,4324,True,Oil & Gas Producers
LION INDUSTRIES CORPORATION BERHAD,LIONIND,4235,True,Metals
RENEUCO BERHAD,RENEUCO,7130,True,Personal Goods
AHB HOLDINGS BERHAD,AHB,7315,True,Consumer Services
CAREPLUS GROUP BERHAD,CAREPLS,0163,True,Health Care Equipment & Services
PERTAMA DIGITAL BERHAD,PERTAMA,8532,True,Personal Goods
MALAYSIA MARINE AND HEAVY ENG,MHB,5186,True,"Energy, Infrastructure, Equipment & Services"
THRIVEN GLOBAL BERHAD,THRIVEN,7889,True,Property
CN ASIA CORPORATION BHD,CNASIA,7986,False,"Industrial Materials, Components & Equipment"
REX INDUSTRY BERHAD,REX,9946,True,Food & Beverages
MAGNA PRIMA BERHAD,MAGNA,7617,True,Property
DATAPREP HOLDINGS BHD,DATAPRP,8338,True,Digital Services
ECOBUILT HOLDINGS BERHAD,ECOHLDS,0059,True,Telecommunications Service Providers
BINTAI KINDEN CORPORATION BERHAD,BINTAI,6998,True,Industrial Engineering
KNM GROUP BERHAD,KNM,7164,False,Other Energy Resources
REVENUE GROUP BERHAD,REVENUE,0200,True,Digital Services
ONE GLOVE GROUP BERHAD,ONEGLOVE,5079,True,"Travel, Leisure & Hospitality"
IQZAN HOLDING BERHAD,IQZAN,7183,True,Packaging Materials
IVORY PROPERTIES GROUP BERHAD,IVORY,5175,True,Property
RED SENA BERHAD,RSENA,5270,False,Special Purpose Acquisition Company
REACH ENERGY BHD,REACH,5256,True,Oil & Gas Producers
ANNUM BERHAD,ANNUM,5082,True,Wood & Wood Products
BINA PURI HOLDINGS BHD,BPURI,5932,True,Construction
BOUSTEAD HEAVY INDUSTRIES CORP,BHIC,8133,True,Transportation Equipment
AE MULTI HOLDINGS BERHAD,AEM,7146,True,"Industrial Materials, Components & Equipment"
DIGISTAR CORPORATION BHD,DIGISTA,0029,False,Digital Services
SERBA DINAMIK HOLDINGS BERHAD,SERBADK,5279,True,"Energy, Infrastructure, Equipment & Services"
INFOMINA BERHAD,INFOM,0265,True,Technology Equipment
IRIS CORPORATION BERHAD,IRIS,0010,True,Software
INFOLINE TEC GROUP BERHAD,INFOTEC,0253,False,Digital Services
PT RESOURCES HOLDINGS BERHAD,PTRB,0260,True,Food & Beverages
SYNERGY HOUSE BERHAD,SYNERGY,0279,True,Houshold Goods
REXIT BHD,REXIT,0106,False,Software
SOUTHERN SCORE BUILDERS BERHAD,SSB8,0045,True,Construction
CLOUDPOINT TECHNOLOGY BERHAD,CLOUDPT,0277,True,Digital Services
AUTOCOUNT DOTCOM BERHAD,ADB,0276,False,Software
L&P GLOBAL BERHAD,L&PBHD,0268,True,Industrial Services
SFP TECH HOLDINGS BERHAD,SFPTECH,0251,True,Semiconductors
GFM SERVICES BERHAD,GFM,0039,True,Industrial Services
POWERWELL HOLDINGS BERHAD,PWRWELL,0217,True,"Industrial Materials, Components & Equipment"
VESTLAND BERHAD,VLB,0273,True,Construction
UCREST BERHAD,UCREST,0005,True,Technology Equipment
GENETEC TECHNOLOGY BERHAD,GENETEC,0104,True,Technology Equipment
MN HOLDINGS BERHAD,MNHLDG,0245,True,Construction
ECONFRAME BERHAD,EFRAME,0227,True,Building Materials
UMEDIC GROUP BERHAD,UMC,0256,True,Health Care Equipment & Services
NATIONGATE HOLDINGS BERHAD,NATGATE,0270,True,"Industrial Materials, Components & Equipment"
BETAMEK BERHAD,BETA,0263,True,Auto Parts
ES CERAMICS TECHNOLOGY BHD,ESCERAM,0100,True,"Industrial Materials, Components & Equipment"
OPPSTAR BERHAD,OPPSTAR,0275,True,Semiconductors
SNS NETWORK TECHNOLOGY BERHAD,SNS,0259,True,Technology Equipment
AGMO HOLDINGS BERHAD,AGMO,0258,True,Software
LGMS BERHAD,LGMS,0249,True,Digital Services
HEXTAR INDUSTRIES BERHAD,HEXIND,0161,True,"Industrial Materials, Components & Equipment"
TEX CYCLE TECHNOLOGY (M) BERHAD,TEXCYCL,0089,True,Industrial Services
CENGILD MEDICAL BERHAD,CENGILD,0243,True,Health Care Providers
ECA INTEGRATED SOLUTION BERHAD,ECA,0267,True,Technology Equipment
MTAG GROUP BERHAD,MTAG,0213,True,Industrial Services
TT VISION HOLDINGS BERHAD,TTVHB,0272,True,Semiconductors
RADIANT GLOBALTECH BERHAD,RGTECH,0202,True,Digital Services
PEKAT GROUP BERHAD,PEKAT,0233,True,Industrial Services
CABNET HOLDINGS BERHAD,CABNET,0191,True,Technology Equipment
MIKRO MSC BERHAD,MIKROMB,0112,True,Technology Equipment
MESTRON HOLDINGS BERHAD,MESTRON,0207,True,Metals
OSK VENTURES INTERNATIONAL BHD,OSKVI,0053,False,Other Financials
SUNVIEW GROUP BERHAD,SUNVIEW,0262,True,Industrial Services
CNERGENZ BERHAD,CNERGEN,0246,True,Technology Equipment
UNIQUE FIRE HOLDINGS BERHAD,UNIQUE,0257,True,Industrial Services
DAYTHREE DIGITAL BERHAD,DAY3,0281,True,Consumer Services
YX PRECIOUS METALS BHD,YXPM,0250,True,Personal Goods
CEKD BERHAD,CEKD,0238,True,"Industrial Materials, Components & Equipment"
HAILY GROUP BERHAD,HAILY,0237,True,Construction
BAHVEST RESOURCES BERHAD,BAHVEST,0098,True,Metals
HIAP HUAT HOLDINGS BHD,HHHCORP,0160,True,Industrial Services
EDELTEQ HOLDINGS BERHAD,EDELTEQ,0278,True,Technology Equipment
BRITE-TECH BHD,BTECH,0011,True,"Gas, Water & Multi-Utilities"
PAPPAJACK BERHAD,PPJACK,0242,False,Other Financials
SEDANIA INNOVATOR BERHAD,SEDANIA,0178,True,Telecommunications Equipment
HHRG BERHAD,HHRG,0175,True,"Industrial Materials, Components & Equipment"
RAMSSOL GROUP BERHAD,RAMSSOL,0236,True,Software
APPASIA BERHAD,APPASIA,0119,False,Software
VISDYNAMICS HOLDINGS BERHAD,VIS,0120,False,Semiconductors
UNITRADE INDUSTRIES BERHAD,UNITRAD,0247,False,Building Materials
AIMFLEX BERHAD,AIMFLEX,0209,True,Technology Equipment
SPRING ART HOLDINGS BERHAD,SPRING,0216,True,Houshold Goods
DS SIGMA HOLDINGS BERHAD,DSS,0269,True,Packaging Materials
HPP HOLDINGS BERHAD,HPPHB,0228,True,Packaging Materials
EVERGREEN MAX CASH CAPITAL BERHAD,EMCC,0286,False,Other Financials
OCEAN VANTAGE HOLDINGS BERHAD,OVH,0220,True,"Energy, Infrastructure, Equipment & Services"
DPI HOLDINGS BERHAD,DPIH,0205,False,Houshold Goods
SUNZEN BIOTECH BERHAD,SUNZEN,0148,False,Agricultural Products
TELADAN GROUP BERHAD,TELADAN,0230,True,Property
WELLSPIRE HOLDINGS BERHAD,WELLS,0271,True,Food & Beverages
COSMOS TECHNOLOGY INTERNATIONAL BERHAD,COSMOS,0261,True,Industrial Services
N2N CONNECT BHD,N2N,0108,True,Software
VOLCANO BERHAD,VOLCANO,0232,True,Industrial Services
PETERLABS HOLDINGS BERHAD,PLABS,0171,False,Agricultural Products
STRAITS ENERGY RESOURCES BERHAD,STRAITS,0080,True,Transportation & Logistics Services
DC HEALTHCARE HOLDINGS BERHAD,DCHCARE,0283,False,Health Care Providers
MAG HOLDINGS BERHAD,MAG,0095,True,Food & Beverages
XOX TECHNOLOGY BERHAD,XOXTECH,0017,True,Telecommunications Equipment
MERCURY SECURITIES GROUP BERHAD,MERSEC,0285,False,Other Financials
SCC HOLDINGS BERHAD,SCC,0158,True,Consumer Services
FINTEC GLOBAL BERHAD,FINTEC,0150,False,Other Financials
ACO GROUP BERHAD,ACO,0218,True,Industrial Services
CATCHA DIGITAL BERHAD,CATCHA,0173,False,Media
TRI-MODE SYSTEM (M) BERHAD,TRIMODE,0199,True,Transportation & Logistics Services
NESTCON BERHAD,NESTCON,0235,True,Construction
GLOSTREXT BERHAD,GLXT,0284,True,Industrial Services
TASHIN HOLDINGS BERHAD,TASHIN,0211,True,Metals
FLEXIDYNAMIC HOLDINGS BERHAD,FLEXI,0231,True,Industrial Services
EVERSAFE RUBBER BERHAD,ESAFE,0190,False,Auto Parts
IFCA MSC BERHAD,IFCAMSC,0023,True,Software
ORGABIO HOLDINGS BERHAD,ORGABIO,0252,True,Food & Beverages
KRONOLOGI ASIA BERHAD,KRONO,0176,True,Digital Services
MATANG BERHAD,MATANG,0189,False,Plantation
PRIVASIA TECHNOLOGY BERHAD,PRIVA,0123,True,Telecommunications Equipment
OVERSEA ENTERPRISE BERHAD,OVERSEA,0153,False,"Travel, Leisure & Hospitality"
HEXTAR CAPITAL BERHAD,HEXCAP,0035,True,Telecommunications Equipment
KANGER INTERNATIONAL BERHAD,KANGER,0170,True,Houshold Goods
GAGASAN NADI CERGAS BERHAD,NADIBHD,0206,True,Construction
K-ONE TECHNOLOGY BERHAD,K1,0111,True,Technology Equipment
SOLUTION GROUP BERHAD,SOLUTN,0093,True,Digital Services
DIVFEX BERHAD,DFX,0131,False,Digital Services
JAG BERHAD,JAG,0024,True,Industrial Services
FAST ENERGY HOLDINGS BERHAD - ORDINARY RIGHTS WITH WARRANTS,FAST-OR,0084OR,True,"Industrial Materials, Components & Equipment"
ASDION BERHAD,ASDION,0068,True,Software
TFP SOLUTIONS BHD,TFP,0145,False,Digital Services
INNITY CORPORATION BHD,INNITY,0147,False,Media
MYMBN BERHAD,MBN,0280,False,Consumer Services
VSOLAR GROUP BERHAD,VSOLAR,0066,True,Software
KIM HIN JOO (MALAYSIA) BERHAD,KHJB,0210,True,Retailers
ANCOM LOGISTICS BERHAD,ANCOMLB,0048,True,Transportation & Logistics Services
SC ESTATE BUILDER BERHAD,SCBUILD,0109,True,Construction
SCOPE INDUSTRIES BHD,SCOPE,0028,True,"Industrial Materials, Components & Equipment"
YGL CONVERGENCE BERHAD,YGL,0086,True,Software
CORAZA INTEGRATED TECHNOLOGY BERHAD,CORAZA,0240,True,Industrial Engineering
SECUREMETRIC BERHAD,SMETRIC,0203,True,Software
YBS INTERNATIONAL BERHAD,YBS,0025,True,"Industrial Materials, Components & Equipment"
KGW GROUP BERHAD,KGW,0282,True,Transportation & Logistics Services
HARVEST MIRACLE CAPITAL BERHAD,HM,0060,True,Technology Equipment
YEW LEE PACIFIC GROUP BERHAD,YEWLEE,0248,True,"Industrial Materials, Components & Equipment"
LEFORM BERHAD,LEFORM,0266,True,Metals
ZEN TECH INTERNATIONAL BERHAD,ZENTECH,0094,True,Software
GREEN OCEAN CORPORATION BERHAD,GOCEAN,0074,True,Food & Beverages
SILVER RIDGE HOLDINGS BHD,SRIDGE,0129,True,Telecommunications Equipment
LAMBO GROUP BERHAD,LAMBO,0018,False,Software
WIDAD GROUP BERHAD,WIDAD,0162,True,Construction
LKL INTERNATIONAL BERHAD,LKL,0182,True,Health Care Equipment & Services
ALDRICH RESOURCES BERHAD,ALRICH,0079,True,Software
EDUSPEC HOLDINGS BERHAD,EDUSPEC,0107,True,Software
SANICHI TECHNOLOGY BHD,SANICHI,0133,False,"Industrial Materials, Components & Equipment"
PASUKHAS GROUP BERHAD,PASUKGB,0177,True,Industrial Engineering
ASIA POLY HOLDINGS BERHAD,ASIAPLY,0105,True,Chemicals
ANEKA JARINGAN HOLDINGS BERHAD,ANEKA,0226,True,Construction
SMTRACK BERHAD,SMTRACK,0169,True,Technology Equipment
PUC BERHAD,PUC,0007,True,Media
MLABS SYSTEMS BHD,MLAB,0085,False,Technology Equipment
PARLO BERHAD,PARLO,0022,True,"Travel, Leisure & Hospitality"
FOCUS DYNAMICS GROUP BERHAD,FOCUS,0116,False,"Travel, Leisure & Hospitality"
M N C WIRELESS BERHAD,MNC,0103,False,Telecommunications Equipment
NETX HOLDINGS BERHAD,NETX,0020,False,Software
ADVANCE INFORMATION MARKETING BERHAD,AIM,0122,True,Industrial Services
FAST ENERGY HOLDINGS BERHAD,FAST,0084,True,"Industrial Materials, Components & Equipment"
ECOSCIENCE INTERNATIONAL BERHAD,EIB,0255,True,Industrial Engineering
NEXGRAM HOLDINGS BERHAD,NEXGRAM,0096,True,Telecommunications Equipment
BINASAT COMMUNICATIONS BERHAD,BINACOM,0195,True,Telecommunications Service Providers
MANAGEPAY SYSTEMS BERHAD,MPAY,0156,True,Software
PINEAPPLE RESOURCES BHD,PINEAPP,0006,False,Digital Services
ARTRONIQ BERHAD,ARTRONIQ,0038,True,Chemicals
NOVA MSC BERHAD,NOVAMSC,0026,True,Software
EVD BERHAD,EVD,0174,True,Software
SMRT HOLDINGS BERHAD,SMRT,0117,True,Digital Services
KEY ALLIANCE GROUP BERHAD,KGROUP,0036,True,Technology Equipment
VINVEST CAPITAL HOLDINGS BERHAD,VINVEST,0069,True,Software
XOX NETWORKS BERHAD,XOXNET,0140,False,Consumer Services
MQ TECHNOLOGY BERHAD,MQTECH,0070,True,Semiconductors
REKATECH CAPITAL BERHAD,REKATECH,0081,True,Industrial Services
BIOALPHA HOLDINGS BERHAD,BIOHLDG,0179,True,Food & Beverages
MCLEAN TECHNOLOGIES BERHAD,MCLEAN,0167,True,Industrial Services
SYSTECH BHD,SYSTECH,0050,True,Software
BCM ALLIANCE BERHAD,BCMALL,0187,True,Industrial Services
MMAG HOLDINGS BERHAD,MMAG,0034,True,Digital Services
AEMULUS HOLDINGS BERHAD,AEMULUS,0181,True,Technology Equipment
SIAB HOLDINGS BERHAD,SIAB,0241,True,Construction
LYC HEALTHCARE BERHAD,LYC,0075,True,Health Care Providers
TECHNODEX BHD,TDEX,0132,True,Software
HLT GLOBAL BERHAD,HLT,0188,True,"Industrial Materials, Components & Equipment"
XOX BHD,XOX,0165,True,Telecommunications Service Providers
TCS GROUP HOLDINGS BERHAD,TCS,0221,True,Construction
EA HOLDINGS BERHAD,EAH,0154,False,Digital Services
WAJA KONSORTIUM BERHAD,WAJA,0102,True,"Industrial Materials, Components & Equipment"
SERSOL BERHAD,SERSOL,0055,True,Chemicals
MTOUCHE TECHNOLOGY BERHAD,MTOUCHE,0092,False,Telecommunications Service Providers
MALAYSIAN GENOMICS RESOURCE CENTRE BERHAD,MGRC,0155,True,Health Care Equipment & Services
AT SYSTEMATIZATION BERHAD,AT,0072,True,"Industrial Materials, Components & Equipment"
DGB ASIA BERHAD,DGB,0152,False,Software
IDB TECHNOLOGIES BERHAD,IDBTECH,03030,False,Software
CARLO RINO GROUP BERHAD,CRG,03016,True,Personal Goods
POLYDAMIC GROUP BERHAD,POLYDM,03031,True,"Industrial Materials, Components & Equipment"
SL INNOVATION CAPITAL BERHAD,SLIC,03008,False,Digital Services
ENEST GROUP BERHAD,ENEST,03025,True,Consumer Services
REDPLANET BERHAD,RPLANET,03036,False,Digital Services
FIBROMAT (M) BERHAD,FBBHD,03026,True,Industrial Services
NOVA PHARMA SOLUTIONS BERHAD,NPS,03006,True,Pharmaceuticals
TOPVISION EYE SPECIALIST BERHAD,TOPVISN,03013,True,Health Care Providers
METRO HEALTHCARE BERHAD,MHCARE,03005,True,Health Care Providers
MMIS BERHAD,MMIS,03027,True,"Industrial Materials, Components & Equipment"
SUNMOW HOLDING BERHAD,SUNMOW,03050,True,Construction
ICT ZONE ASIA BERHAD,ICTZONE,03038,True,Technology Equipment
STEEL HAWK BERHAD,SKHAWK,03049,True,"Energy, Infrastructure, Equipment & Services"
JISHAN BERHAD,JISHAN,03040,True,Packaging Materials
SNOWFIT GROUP BERHAD,SNOWFIT,03054,True,Houshold Goods
LIM SEONG HAI CAPITAL BERHAD,LSH,03047,True,Construction
AURORA ITALIA INTERNATIONAL BERHAD,AURORA,03037,True,Personal Goods
ASTRAMINA GROUP BERHAD,ASTRA,03032,False,Food & Beverages
DYNAFRONT HOLDINGS BERHAD,DYNAFNT,03046,False,Software
SUPREME CONSOLIDATED RESOURCES BERHAD,SUPREME,03018,True,Consumer Services
MANFORCE GROUP BERHAD,MFGROUP,03015,False,Consumer Services
UCI RESOURCES BERHAD,UTAMA,03043,True,Building Materials
CC INTERNATIONAL BERHAD,CCIB,03053,True,Consumer Services
RTS TECHNOLOGY HOLDINGS BERHAD,RTSTECH,03039,True,Software
BABA ECO GROUP BERHAD,BABA,03012,True,Houshold Goods
SEERS BERHAD,SEERS,03009,True,Houshold Goods
CE TECHNOLOGY BERHAD,CETECH,03024,True,Industrial Services
BV LAND HOLDINGS BERHAD,BVLH,03042,True,Construction
SANCY BERHAD,SANCY,03057,True,Software
GO INNOVATE ASIA BERHAD,GOINNO,03028,True,Metals
SUPERGENICS BERHAD,SGBHD,03033,True,Industrial Services
DSR TAIKO BERHAD,DSR,03055,True,Plantation
SMILE-LINK HEALTHCARE GLOBAL BERHAD,SMILE,03023,True,Health Care Providers
MATRIX PARKING SOLUTION HOLDINGS BERHAD,MPSOL,03019,True,Consumer Services
AMLEX HOLDINGS BERHAD,AMLEX,03011,True,Semiconductors
RED IDEAS HOLDINGS BERHAD,REDIDEA,03002,False,Digital Services
CARZO HOLDINGS BERHAD,CARZO,03048,True,Food & Beverages
GPP RESOURCES BERHAD,GPP,03029,True,Industrial Services
CLOUDARON GROUP BERHAD,CLOUD,03001,True,Digital Services
NOVELPLUS TECHNOLOGY BERHAD,NP,03045,False,Digital Services
ONETECH SOLUTIONS HOLDINGS BERHAD,1TECH,03041,False,Software
RAY GO SOLAR HOLDINGS BERHAD,RGS,03052,True,Industrial Services
SAFETYWARE GROUP BERHAD,SAFETY,03056,False,"Industrial Materials, Components & Equipment"
ALPHA OCEAN RESOURCES BERHAD,AORB,03051,False,Agricultural Products
UNI WALL APS HOLDINGS BERHAD,UNIWALL,03017,True,Construction
EQUITIESTRACKER HOLDINGS BERHAD,ETH,03021,True,Consumer Services
MCOM HOLDINGS BERHAD,MCOM,03022,False,Digital Services
TASEK CORPORATION BERHAD - 6% CULMULATIVE PARTICIPATING PREFERENCE,TASEK-PA,4448P,False,
